variant_scene,file
meeting_full,20260422_164053_meeting_full.json
meeting_full,20260422_164059_meeting_full.json
meeting_full,20260422_164138_meeting_full.json
meeting_full,20260422_174015_meeting_full.json
meeting_full-nyu-proposals,20260422_175241_meeting_full-nyu-proposals.json
meeting_full-nyu-proposals,20260422_175304_meeting_full-nyu-proposals.json
meeting_full-nyu-proposals,20260422_182920_meeting_full-nyu-proposals.json
meeting_full-nyu-proposals,20260422_192003_meeting_full-nyu-proposals.json
meeting_full-nyu-proposals,20260422_221843_meeting_full-nyu-proposals.json
meeting_full-nyu-proposals,20260422_221851_meeting_full-nyu-proposals.json
meeting_full-nyu-proposals,20260422_223827_meeting_full-nyu-proposals.json
meeting_full-nyu-proposals,20260423_123649_meeting_full-nyu-proposals.json
meeting_full,20260423_123649_meeting_full.json
meeting_full,20260423_130730_meeting_full.json
meeting_full-nyu-proposals,20260423_131906_meeting_full-nyu-proposals.json
meeting_full-nyu-proposals,20260423_135111_meeting_full-nyu-proposals.json
meeting_full-nyu-proposals,20260423_144438_meeting_full-nyu-proposals.json
meeting_full,20260423_145127_meeting_full.json
meeting_full,20260423_145138_meeting_full.json
meeting_full-nyu-proposals,20260423_160713_meeting_full-nyu-proposals.json
meeting_full-nyu-proposals,20260423_160908_meeting_full-nyu-proposals.json
meeting_full-nyu-proposals,20260423_160919_meeting_full-nyu-proposals.json
meeting_full,20260423_181948_meeting_full.json
meeting_full,20260423_181958_meeting_full.json
meeting_full-nyu-proposals,20260423_211504_meeting_full-nyu-proposals.json
meeting_full-nyu-proposals,20260423_211514_meeting_full-nyu-proposals.json
meeting_full-nyu-proposals-dformerv2-prior,20260424_101950_meeting_full-nyu-proposals-dformerv2-prior.json
meeting_full-nyu-proposals-esanet-prior,20260424_102004_meeting_full-nyu-proposals-esanet-prior.json
meeting_full-nyu-proposals-dformerv2-prior,20260424_102706_meeting_full-nyu-proposals-dformerv2-prior.json
meeting_full-nyu-proposals-esanet-prior,20260424_102706_meeting_full-nyu-proposals-esanet-prior.json
meeting_full-nyu-proposals-dformerv2-prior,20260424_114620_meeting_full-nyu-proposals-dformerv2-prior.json
meeting_full-nyu-proposals-esanet-prior,20260424_131053_meeting_full-nyu-proposals-esanet-prior.json
livinglab_full-nyu-proposals,20260424_160057_livinglab_full-nyu-proposals.json
livinglab_full-nyu-proposals,20260424_174217_livinglab_full-nyu-proposals.json
livinglab_full-nyu-proposals,20260424_183233_livinglab_full-nyu-proposals.json
livinglab_full-nyu-proposals,20260424_183251_livinglab_full-nyu-proposals.json
livinglab_full-nyu-proposals,20260424_184045_livinglab_full-nyu-proposals.json
livinglab_full-nyu-proposals-dformerv2-prior,20260424_185127_livinglab_full-nyu-proposals-dformerv2-prior.json
livinglab_full-nyu-proposals-esanet-prior,20260424_185127_livinglab_full-nyu-proposals-esanet-prior.json
livinglab_full-nyu-proposals-dformerv2-prior,20260424_185152_livinglab_full-nyu-proposals-dformerv2-prior.json
livinglab_full-nyu-proposals-esanet-prior,20260424_185929_livinglab_full-nyu-proposals-esanet-prior.json
meeting_full,20260501_112153_meeting_full.json
meeting_full,20260501_112201_meeting_full.json
livinglab_full,20260501_161812_livinglab_full.json
