iteration,timestamp,max_observation_range_m,gng_min_observations_to_commit,box_threshold,text_threshold,target_label_thresholds_trailer,label_margin_min,cross_label_merge_distance_m,tp,fp,fn,precision,recall,f1,object_nodes,range_gate_rejections,constraint_met,result_json,notes
1,2026-05-06T11:54:08.591433,5.0,2,0.35,0.35,1.5,0.05,0.45,7,46,12,0.1320754716981132,0.3684210526315789,0.19444444444444445,53,641,True,/home/anhar/codes/stcm-assistive-nav/results/eval/20260506_204412_outdoor_livinglab_full-nyu-proposals.json,phase1 baseline R=5 G=2 (current best)
2,2026-05-06T12:04:01.801928,3.0,2,0.35,0.35,1.5,0.05,0.45,6,18,13,0.25,0.3157894736842105,0.27906976744186046,24,945,True,/home/anhar/codes/stcm-assistive-nav/results/eval/20260506_205408_outdoor_livinglab_full-nyu-proposals.json,phase1 R=3 tighter range
3,2026-05-06T12:13:54.789752,4.0,2,0.35,0.35,1.5,0.05,0.45,7,33,12,0.175,0.3684210526315789,0.23728813559322032,40,761,True,/home/anhar/codes/stcm-assistive-nav/results/eval/20260506_210402_outdoor_livinglab_full-nyu-proposals.json,phase1 R=4
4,2026-05-06T12:23:50.525661,7.0,2,0.35,0.35,1.5,0.05,0.45,7,52,12,0.11864406779661017,0.3684210526315789,0.1794871794871795,59,467,True,/home/anhar/codes/stcm-assistive-nav/results/eval/20260506_211355_outdoor_livinglab_full-nyu-proposals.json,phase1 R=7
5,2026-05-06T12:33:55.553588,10.0,2,0.35,0.35,1.5,0.05,0.45,7,67,12,0.0945945945945946,0.3684210526315789,0.15053763440860216,74,306,True,/home/anhar/codes/stcm-assistive-nav/results/eval/20260506_212350_outdoor_livinglab_full-nyu-proposals.json,phase1 R=10 wide range
6,2026-05-06T12:43:53.928044,5.0,1,0.35,0.35,1.5,0.05,0.45,10,84,9,0.10638297872340426,0.5263157894736842,0.17699115044247787,94,641,True,/home/anhar/codes/stcm-assistive-nav/results/eval/20260506_213355_outdoor_livinglab_full-nyu-proposals.json,phase1 G=1 high recall
7,2026-05-06T12:53:53.495599,5.0,3,0.35,0.35,1.5,0.05,0.45,6,27,13,0.18181818181818182,0.3157894736842105,0.23076923076923078,33,641,True,/home/anhar/codes/stcm-assistive-nav/results/eval/20260506_214354_outdoor_livinglab_full-nyu-proposals.json,phase1 G=3 high precision
8,2026-05-06T13:03:49.645918,4.0,3,0.35,0.35,1.5,0.05,0.45,5,19,14,0.20833333333333334,0.2631578947368421,0.23255813953488372,24,761,True,/home/anhar/codes/stcm-assistive-nav/results/eval/20260506_215353_outdoor_livinglab_full-nyu-proposals.json,phase1 R=4 G=3 corner
9,2026-05-06T21:04:10.692096,2.0,2,0.35,0.35,1.5,0.05,0.45,2,5,17,0.2857142857142857,0.10526315789473684,0.15384615384615385,7,1082,True,/home/anhar/codes/stcm-assistive-nav/results/eval/20260507_055443_outdoor_livinglab_full-nyu-proposals.json,phase2 R=2 boundary expand
10,2026-05-06T21:13:51.657008,3.0,2,0.25,0.25,1.5,0.05,0.45,6,17,13,0.2608695652173913,0.3157894736842105,0.28571428571428575,23,945,True,/home/anhar/codes/stcm-assistive-nav/results/eval/20260507_060410_outdoor_livinglab_full-nyu-proposals.json,phase2 box=0.25 lower
11,2026-05-06T21:23:33.163442,3.0,2,0.3,0.3,1.5,0.05,0.45,6,16,13,0.2727272727272727,0.3157894736842105,0.2926829268292683,22,945,True,/home/anhar/codes/stcm-assistive-nav/results/eval/20260507_061351_outdoor_livinglab_full-nyu-proposals.json,phase2 box=0.30
12,2026-05-06T21:33:25.051155,3.0,2,0.4,0.4,1.5,0.05,0.45,6,16,13,0.2727272727272727,0.3157894736842105,0.2926829268292683,22,945,True,/home/anhar/codes/stcm-assistive-nav/results/eval/20260507_062333_outdoor_livinglab_full-nyu-proposals.json,phase2 box=0.40 higher
13,2026-05-06T21:43:14.509388,3.0,2,0.35,0.35,1.0,0.05,0.45,6,16,13,0.2727272727272727,0.3157894736842105,0.2926829268292683,22,945,True,/home/anhar/codes/stcm-assistive-nav/results/eval/20260507_063325_outdoor_livinglab_full-nyu-proposals.json,phase2 trailer=1.0 fine-grained
14,2026-05-06T21:52:55.033849,3.0,2,0.35,0.35,2.0,0.05,0.45,6,16,13,0.2727272727272727,0.3157894736842105,0.2926829268292683,22,945,True,/home/anhar/codes/stcm-assistive-nav/results/eval/20260507_064314_outdoor_livinglab_full-nyu-proposals.json,phase2 trailer=2.0 near hard cap
15,2026-05-06T22:02:33.740778,3.0,2,0.32,0.32,1.8,0.05,0.45,6,17,13,0.2608695652173913,0.3157894736842105,0.28571428571428575,23,945,True,/home/anhar/codes/stcm-assistive-nav/results/eval/20260507_065255_outdoor_livinglab_full-nyu-proposals.json,phase2 box=0.32 trailer=1.8 combo
16,2026-05-06T22:12:13.952857,2.0,2,0.32,0.32,1.8,0.05,0.45,2,5,17,0.2857142857142857,0.10526315789473684,0.15384615384615385,7,1082,True,/home/anhar/codes/stcm-assistive-nav/results/eval/20260507_070234_outdoor_livinglab_full-nyu-proposals.json,phase2 R=2 combo
17,2026-05-06T22:34:08.362763,3.0,2,0.35,0.35,1.5,0.05,0.45,6,16,13,0.2727272727272727,0.3157894736842105,0.2926829268292683,22,945,True,/home/anhar/codes/stcm-assistive-nav/results/eval/20260507_072430_outdoor_livinglab_full-nyu-proposals.json,phase3 GCMD=1.5 bigger merge
18,2026-05-06T22:43:51.236910,3.0,2,0.35,0.35,1.5,0.05,0.8,6,15,13,0.2857142857142857,0.3157894736842105,0.3,21,945,True,/home/anhar/codes/stcm-assistive-nav/results/eval/20260507_073408_outdoor_livinglab_full-nyu-proposals.json,phase3 cross_label=0.8 broader
19,2026-05-06T22:53:44.030474,3.0,2,0.35,0.35,1.5,0.1,0.45,6,16,13,0.2727272727272727,0.3157894736842105,0.2926829268292683,22,945,True,/home/anhar/codes/stcm-assistive-nav/results/eval/20260507_074351_outdoor_livinglab_full-nyu-proposals.json,phase3 label_margin=0.10 stricter
20,2026-05-06T23:03:28.191885,3.0,2,0.35,0.35,1.5,0.05,0.45,4,9,15,0.3076923076923077,0.21052631578947367,0.25,13,945,True,/home/anhar/codes/stcm-assistive-nav/results/eval/20260507_075344_outdoor_livinglab_full-nyu-proposals.json,phase3 outlier_gate=2.0 enable
22,2026-05-07T04:20:36.513397,3.0,2,0.35,0.35,1.5,0.05,0.8,10,29,9,0.2564102564102564,0.5263157894736842,0.3448275862068965,39,1771,True,/home/anhar/codes/stcm-assistive-nav/results/eval/20260507_130637_outdoor_livinglab_full-nyu-proposals.json,stdout_marker,0,post-probe lean bank (3-4 aliases per class)
23,2026-05-07T06:05:47.044962,3.0,2,0.35,0.35,1.5,0.05,0.8,11,27,8,0.2894736842105263,0.5789473684210527,0.3859649122807018,38,1771,True,/home/anhar/codes/stcm-assistive-nav/results/eval/20260507_145201_outdoor_livinglab_full-nyu-proposals.json,stdout_marker,0,iter22 config + lidar-only mode + per-class match thresholds
24,2026-05-07T08:18:37.337250,3.0,2,0.35,0.35,1.5,0.05,0.8,10,50,9,0.16666666666666666,0.5263157894736842,0.25316455696202533,60,1153,True,/home/anhar/codes/stcm-assistive-nav/results/eval/20260507_170411_outdoor_livinglab_full-nyu-proposals.json,stdout_marker,0,iter23 + densest-voxel pose estimator (codex recommendation)
25,2026-05-07T08:35:15.788926,3.0,2,0.35,0.35,1.5,0.05,0.8,10,50,9,0.16666666666666666,0.5263157894736842,0.25316455696202533,60,1215,True,/home/anhar/codes/stcm-assistive-nav/results/eval/20260507_172056_outdoor_livinglab_full-nyu-proposals.json,stdout_marker,0,voxel 0.30m + gng_cluster_merge 1.0m to dedup densest-voxel fragments
26,2026-05-07T09:03:30.115489,3.0,2,0.35,0.35,1.5,0.05,1.5,10,33,9,0.23255813953488372,0.5263157894736842,0.3225806451612903,43,1215,True,/home/anhar/codes/stcm-assistive-nav/results/eval/20260507_174908_outdoor_livinglab_full-nyu-proposals.json,stdout_marker,0,densest-voxel + cross_label_merge 1.5m (real merge knob when label_voting=true)
27,2026-05-07T11:42:00.645253,10.0,2,0.35,0.35,1.5,0.03,0.8,9,96,10,0.08571428571428572,0.47368421052631576,0.14516129032258066,105,604,True,/home/anhar/codes/stcm-assistive-nav/results/eval/20260507_202731_outdoor_livinglab_full-nyu-proposals.json,stdout_marker,0,range gate 10m + label_margin 0.03 to recover chair/scooter/umbrella detections
