run_id,scenario,variant,module,n,mean_ms,p50_ms,p95_ms
,,,frame_total,,,,
,,,frame_total,,,,
,,,frame_total,,,,
,,,frame_total,,,,
,,,frame_total,,,,
,,,frame_total,,,,
,,,graph_update,,,,
,,,graph_update,,,,
,,,graph_update,,,,
,,,graph_update,,,,
,,,graph_update,,,,
,,,graph_update,,,,
,,,groundingdino_predict,,,,
,,,groundingdino_predict,,,,
,,,groundingdino_predict,,,,
,,,groundingdino_predict,,,,
,,,groundingdino_predict,,,,
,,,groundingdino_predict,,,,
,,,instance_gng_update,,,,
,,,instance_gng_update,,,,
,,,instance_gng_update,,,,
,,,instance_gng_update,,,,
,,,instance_gng_update,,,,
,,,instance_gng_update,,,,
,,,place_gng_update,,,,
,,,place_gng_update,,,,
,,,place_gng_update,,,,
,,,place_gng_update,,,,
,,,place_gng_update,,,,
,,,place_gng_update,,,,
,,,pose_association,,,,
,,,pose_association,,,,
,,,pose_association,,,,
,,,pose_association,,,,
,,,pose_association,,,,
,,,pose_association,,,,
,,,sam_predict,,,,
,,,sam_predict,,,,
,,,sam_predict,,,,
,,,sam_predict,,,,
,,,sam_predict,,,,
,,,sam_predict,,,,
20260427_222426_livinglab_full_processing_period-0p7,livinglab,full,frame_total,54,1160.4677286188773,1781.104231486097,2172.6589666679492
20260427_222426_livinglab_full_processing_period-0p7,livinglab,full,graph_update,28,5.8462538955999275,6.796720204874873,7.61318253353238
20260427_222426_livinglab_full_processing_period-0p7,livinglab,full,groundingdino_predict,54,138.37882622869478,128.5005579702556,130.66151316743344
20260427_222426_livinglab_full_processing_period-0p7,livinglab,full,instance_gng_update,45,0.14133494761255053,0.13247597962617874,0.2225690521299839
20260427_222426_livinglab_full_processing_period-0p7,livinglab,full,place_gng_update,54,15.152632465793026,11.619629571214318,21.92394162993878
20260427_222426_livinglab_full_processing_period-0p7,livinglab,full,pose_association,45,1.4303114265203476,1.4685038477182388,1.631567534059286
20260427_222426_livinglab_full_processing_period-0p7,livinglab,full,sam_predict,34,62.464647077243114,60.04780065268278,67.91198460850865
20260427_222551_livinglab_full_processing_period-1p0,livinglab,full,frame_total,54,1168.8464392080075,1791.6006750892848,2158.6071548284954
20260427_222551_livinglab_full_processing_period-1p0,livinglab,full,graph_update,28,5.917627530704651,6.943263811990619,7.7030444983392945
20260427_222551_livinglab_full_processing_period-1p0,livinglab,full,groundingdino_predict,54,138.7039213096378,128.63174686208367,131.16858697030693
20260427_222551_livinglab_full_processing_period-1p0,livinglab,full,instance_gng_update,45,0.1525144817100631,0.13282522559165955,0.25390805676579475
20260427_222551_livinglab_full_processing_period-1p0,livinglab,full,place_gng_update,54,15.348716483761867,16.611280851066113,21.87331730965525
20260427_222551_livinglab_full_processing_period-1p0,livinglab,full,pose_association,45,1.4438762432999082,1.5199622139334679,1.6414633952081203
20260427_222551_livinglab_full_processing_period-1p0,livinglab,full,sam_predict,34,61.761711450184094,59.822570998221636,66.40617023222148
20260427_222717_livinglab_full_processing_period-1p3,livinglab,full,frame_total,54,1159.0000970151139,1801.6610138583928,2160.8383423183095
20260427_222717_livinglab_full_processing_period-1p3,livinglab,full,graph_update,28,6.379943690262735,6.905905902385712,10.178201994858682
20260427_222717_livinglab_full_processing_period-1p3,livinglab,full,groundingdino_predict,54,137.85960628754563,128.15445009618998,130.18638424109668
20260427_222717_livinglab_full_processing_period-1p3,livinglab,full,instance_gng_update,45,0.16211263007587856,0.14728307723999023,0.26530995965003956
20260427_222717_livinglab_full_processing_period-1p3,livinglab,full,place_gng_update,54,15.893514155996618,21.417655749246478,21.911653270944953
20260427_222717_livinglab_full_processing_period-1p3,livinglab,full,pose_association,45,1.5000743584500418,1.5590689145028591,1.8164558336138723
20260427_222717_livinglab_full_processing_period-1p3,livinglab,full,sam_predict,34,60.85515207172755,58.763064444065094,79.17632230091834
20260428_064844_livinglab_full_box_threshold-0p50,livinglab,full,frame_total,54,1062.626458014603,551.5879725571722,2052.6632299413905
20260428_064844_livinglab_full_box_threshold-0p50,livinglab,full,graph_update,26,5.1096949475602464,3.9903013966977596,7.244296721182764
20260428_064844_livinglab_full_box_threshold-0p50,livinglab,full,groundingdino_predict,54,138.56940177545226,128.71136399917305,131.53334797825664
20260428_064844_livinglab_full_box_threshold-0p50,livinglab,full,instance_gng_update,36,0.15067451426552403,0.13438845053315163,0.22974330931901932
20260428_064844_livinglab_full_box_threshold-0p50,livinglab,full,place_gng_update,54,15.949551059209087,21.593700861558318,21.94065200164914
20260428_064844_livinglab_full_box_threshold-0p50,livinglab,full,pose_association,36,1.4493454816854663,1.515716314315796,1.6056214226409793
20260428_064844_livinglab_full_box_threshold-0p50,livinglab,full,sam_predict,32,59.97181545535568,58.277480537071824,66.45200517959893
20260428_065004_livinglab_full_box_threshold-0p55,livinglab,full,frame_total,54,984.3020248226821,311.8495640810579,2072.771619656123
20260428_065004_livinglab_full_box_threshold-0p55,livinglab,full,graph_update,23,4.854994724788096,3.9303540252149105,7.258613081648946
20260428_065004_livinglab_full_box_threshold-0p55,livinglab,full,groundingdino_predict,54,138.71022614788401,128.77395027317107,130.818509333767
20260428_065004_livinglab_full_box_threshold-0p55,livinglab,full,instance_gng_update,30,0.15184137349327406,0.1402166672050953,0.23389589041471479
20260428_065004_livinglab_full_box_threshold-0p55,livinglab,full,place_gng_update,54,14.99700288426269,11.591079644858837,21.929492289200425
20260428_065004_livinglab_full_box_threshold-0p55,livinglab,full,pose_association,30,1.4217684511095285,1.4544276054948568,1.6088548116385937
20260428_065004_livinglab_full_box_threshold-0p55,livinglab,full,sam_predict,29,62.035274547364175,59.63967787101865,68.31904165446758
20260428_065129_livinglab_full_box_threshold-0p60,livinglab,full,frame_total,54,871.1963883704609,287.9852894693613,1939.2981223994866
20260428_065129_livinglab_full_box_threshold-0p60,livinglab,full,graph_update,20,4.372158739715815,3.945054020732641,6.898932927288115
20260428_065129_livinglab_full_box_threshold-0p60,livinglab,full,groundingdino_predict,54,138.56919009790377,129.02568210847676,130.6516427313909
20260428_065129_livinglab_full_box_threshold-0p60,livinglab,full,instance_gng_update,23,0.1449116870113041,0.12902170419692993,0.2254402730613947
20260428_065129_livinglab_full_box_threshold-0p60,livinglab,full,place_gng_update,54,12.507788147087451,11.483476497232914,21.880331193096936
20260428_065129_livinglab_full_box_threshold-0p60,livinglab,full,pose_association,23,1.5010930516797563,1.5291818417608738,1.6713465563952923
20260428_065129_livinglab_full_box_threshold-0p60,livinglab,full,sam_predict,26,61.10295465287681,59.58182434551418,68.92492505721748
20260428_094017_livinglab_full_box_threshold-0p45,livinglab,full,frame_total,54,1191.2544374526651,1796.0895334836096,2108.309689373709
20260428_094017_livinglab_full_box_threshold-0p45,livinglab,full,graph_update,29,7.4120418746666665,6.679438054561615,21.74427844583985
20260428_094017_livinglab_full_box_threshold-0p45,livinglab,full,groundingdino_predict,54,141.08010881614905,130.78911206685007,135.4396193753928
20260428_094017_livinglab_full_box_threshold-0p45,livinglab,full,instance_gng_update,46,1.1366673380784367,0.14277035370469093,0.257304054684937
20260428_094017_livinglab_full_box_threshold-0p45,livinglab,full,place_gng_update,54,16.070329472077667,21.388201508671045,21.949065546505153
20260428_094017_livinglab_full_box_threshold-0p45,livinglab,full,pose_association,46,1.425765333292277,1.4432985335588455,1.6442115884274244
20260428_094017_livinglab_full_box_threshold-0p45,livinglab,full,sam_predict,37,63.246137676508845,61.536143999546766,68.41522064059973
20260428_094154_livinglab_full_box_threshold-0p50,livinglab,full,frame_total,54,1020.3970713213224,329.59775999188423,2059.705285611562
20260428_094154_livinglab_full_box_threshold-0p50,livinglab,full,graph_update,24,5.4902160773053765,4.162762081250548,9.516773978248233
20260428_094154_livinglab_full_box_threshold-0p50,livinglab,full,groundingdino_predict,54,141.27550087006833,131.32347166538239,132.96054287347943
20260428_094154_livinglab_full_box_threshold-0p50,livinglab,full,instance_gng_update,36,0.14878310159676605,0.13354490511119366,0.23730448447167873
20260428_094154_livinglab_full_box_threshold-0p50,livinglab,full,place_gng_update,54,14.425067929551005,11.544462060555816,21.88509658444673
20260428_094154_livinglab_full_box_threshold-0p50,livinglab,full,pose_association,36,1.4287766664185457,1.4711259864270687,1.6592582687735558
20260428_094154_livinglab_full_box_threshold-0p50,livinglab,full,sam_predict,30,63.853941578418016,59.882585192099214,72.15037271380423
20260428_094321_livinglab_full_box_threshold-0p55,livinglab,full,frame_total,54,939.441029706763,282.9526581335813,2061.9377195835114
20260428_094321_livinglab_full_box_threshold-0p55,livinglab,full,graph_update,22,5.055097037587654,4.010226810351014,9.020205284468828
20260428_094321_livinglab_full_box_threshold-0p55,livinglab,full,groundingdino_predict,54,140.13634172820107,130.24626160040498,132.29928691871464
20260428_094321_livinglab_full_box_threshold-0p55,livinglab,full,instance_gng_update,27,0.1653930931179612,0.14720717445015907,0.2654457930475473
20260428_094321_livinglab_full_box_threshold-0p55,livinglab,full,place_gng_update,54,13.973269223545989,11.501052649691701,21.81866099126637
20260428_094321_livinglab_full_box_threshold-0p55,livinglab,full,pose_association,27,1.5478413207111534,1.4676842838525772,1.729698944836855
20260428_094321_livinglab_full_box_threshold-0p55,livinglab,full,sam_predict,25,60.78980226069689,58.535176794975996,69.61822304874657
20260428_104124_livinglab_full_box_threshold-0p45,livinglab,full,frame_total,54,1199.8580743179277,1798.8830611575395,2200.7491987198587
20260428_104124_livinglab_full_box_threshold-0p45,livinglab,full,graph_update,29,10.120642339361124,7.079446222633123,28.953590709716075
20260428_104124_livinglab_full_box_threshold-0p45,livinglab,full,groundingdino_predict,54,143.47962045145255,133.21889052167535,135.0335278781131
20260428_104124_livinglab_full_box_threshold-0p45,livinglab,full,instance_gng_update,52,2.1008468376329312,0.15213456936180592,22.34835939016193
20260428_104124_livinglab_full_box_threshold-0p45,livinglab,full,place_gng_update,54,16.136226416737944,21.577263483777642,21.865063859149814
20260428_104124_livinglab_full_box_threshold-0p45,livinglab,full,pose_association,52,1.3880866418520992,1.405992079526186,1.6407861607149243
20260428_104124_livinglab_full_box_threshold-0p45,livinglab,full,sam_predict,33,61.213526564339794,60.273694805800915,67.02820425853133
20260428_104252_livinglab_full_box_threshold-0p50,livinglab,full,frame_total,54,1000.5960539673214,289.87462422810495,2053.135681641288
20260428_104252_livinglab_full_box_threshold-0p50,livinglab,full,graph_update,24,5.837790260557085,4.268090473487973,10.185375553555781
20260428_104252_livinglab_full_box_threshold-0p50,livinglab,full,groundingdino_predict,54,142.41308248946788,132.34987622126937,133.9349239366129
20260428_104252_livinglab_full_box_threshold-0p50,livinglab,full,instance_gng_update,37,0.15254006595224948,0.13981712982058525,0.23467512801289556
20260428_104252_livinglab_full_box_threshold-0p50,livinglab,full,place_gng_update,54,14.504440301270396,11.554323369637132,21.75292877946049
20260428_104252_livinglab_full_box_threshold-0p50,livinglab,full,pose_association,37,1.4431193672321938,1.493995077908039,1.6078091226518154
20260428_104252_livinglab_full_box_threshold-0p50,livinglab,full,sam_predict,26,57.43280837598901,52.921131951734424,67.51325109507889
20260428_104409_livinglab_full_box_threshold-0p55,livinglab,full,frame_total,54,950.1656313875208,290.10665928944945,2032.6698899269102
20260428_104409_livinglab_full_box_threshold-0p55,livinglab,full,graph_update,22,5.5030858440494,4.0124827064573765,10.192378028295934
20260428_104409_livinglab_full_box_threshold-0p55,livinglab,full,groundingdino_predict,54,142.78709787564972,132.64929107390344,136.35008709970862
20260428_104409_livinglab_full_box_threshold-0p55,livinglab,full,instance_gng_update,30,0.158948947985967,0.1397482119500637,0.240754266269505
20260428_104409_livinglab_full_box_threshold-0p55,livinglab,full,place_gng_update,54,15.304224694975549,16.487176530063152,21.825587772764266
20260428_104409_livinglab_full_box_threshold-0p55,livinglab,full,pose_association,30,1.48922149091959,1.513930270448327,1.645763497799635
20260428_104409_livinglab_full_box_threshold-0p55,livinglab,full,sam_predict,23,64.07454028806609,61.14916689693928,70.20987630821764
20260501_161812_livinglab_full,livinglab,full,frame_total,54,1200.964946118701,1818.5995637904853,2204.9790181219573
20260501_161812_livinglab_full,livinglab,full,graph_update,29,10.380293933096631,7.01993890106678,30.455005168914795
20260501_161812_livinglab_full,livinglab,full,groundingdino_predict,54,141.18958704380526,130.94242801889777,134.24498850945383
20260501_161812_livinglab_full,livinglab,full,instance_gng_update,52,2.280828229581507,0.13538752682507038,22.246948280371726
20260501_161812_livinglab_full,livinglab,full,place_gng_update,54,16.423489950183367,21.44213323481381,21.81143907364458
20260501_161812_livinglab_full,livinglab,full,pose_association,52,1.3799645508138032,1.3804405461996794,1.6233818838372827
20260501_161812_livinglab_full,livinglab,full,sam_predict,33,63.89848394037196,60.756838880479336,70.47230647876857
20260503_101506_livinglab_full_processing_period-0p0,livinglab,full,frame_total,54,1238.744430511293,1853.6787037737668,2277.3824766976754
20260503_101506_livinglab_full_processing_period-0p0,livinglab,full,graph_update,29,10.52924059331417,7.091929204761982,29.853548388928175
20260503_101506_livinglab_full_processing_period-0p0,livinglab,full,groundingdino_predict,54,167.2634000941697,156.40558418817818,162.6568609615788
20260503_101506_livinglab_full_processing_period-0p0,livinglab,full,instance_gng_update,52,2.271782875490876,0.13201870024204254,22.209677239879966
20260503_101506_livinglab_full_processing_period-0p0,livinglab,full,place_gng_update,54,16.439943108707666,21.44908532500267,21.992143988609314
20260503_101506_livinglab_full_processing_period-0p0,livinglab,full,pose_association,52,1.3945251613712082,1.451944001019001,1.640946208499372
20260503_101506_livinglab_full_processing_period-0p0,livinglab,full,sam_predict,33,66.68701478647012,65.76764117926359,71.67960740625858
20260424_160057_livinglab_full-nyu-proposals,livinglab,full-nyu-proposals,frame_total,,,,
20260424_160057_livinglab_full-nyu-proposals,livinglab,full-nyu-proposals,graph_update,,,,
20260424_160057_livinglab_full-nyu-proposals,livinglab,full-nyu-proposals,groundingdino_predict,,,,
20260424_160057_livinglab_full-nyu-proposals,livinglab,full-nyu-proposals,instance_gng_update,,,,
20260424_160057_livinglab_full-nyu-proposals,livinglab,full-nyu-proposals,place_gng_update,,,,
20260424_160057_livinglab_full-nyu-proposals,livinglab,full-nyu-proposals,pose_association,,,,
20260424_160057_livinglab_full-nyu-proposals,livinglab,full-nyu-proposals,sam_predict,,,,
20260424_174217_livinglab_full-nyu-proposals,livinglab,full-nyu-proposals,frame_total,54,3750.958323392465,3835.1551620289683,4855.593492439947
20260424_174217_livinglab_full-nyu-proposals,livinglab,full-nyu-proposals,graph_update,49,110.70936297693727,105.87532818317413,236.03609241545178
20260424_174217_livinglab_full-nyu-proposals,livinglab,full-nyu-proposals,groundingdino_predict,,,,
20260424_174217_livinglab_full-nyu-proposals,livinglab,full-nyu-proposals,instance_gng_update,254,17.281698836673666,22.133698919788003,22.788585000671446
20260424_174217_livinglab_full-nyu-proposals,livinglab,full-nyu-proposals,place_gng_update,54,17.106928491826963,21.564621478319168,22.06163606606424
20260424_174217_livinglab_full-nyu-proposals,livinglab,full-nyu-proposals,pose_association,256,1.4735508448211476,1.259607495740056,1.7340779304504395
20260424_174217_livinglab_full-nyu-proposals,livinglab,full-nyu-proposals,sam_predict,,,,
20260424_183233_livinglab_full-nyu-proposals,livinglab,full-nyu-proposals,frame_total,,,,
20260424_183233_livinglab_full-nyu-proposals,livinglab,full-nyu-proposals,graph_update,,,,
20260424_183233_livinglab_full-nyu-proposals,livinglab,full-nyu-proposals,groundingdino_predict,,,,
20260424_183233_livinglab_full-nyu-proposals,livinglab,full-nyu-proposals,instance_gng_update,,,,
20260424_183233_livinglab_full-nyu-proposals,livinglab,full-nyu-proposals,place_gng_update,,,,
20260424_183233_livinglab_full-nyu-proposals,livinglab,full-nyu-proposals,pose_association,,,,
20260424_183233_livinglab_full-nyu-proposals,livinglab,full-nyu-proposals,sam_predict,,,,
20260424_183251_livinglab_full-nyu-proposals,livinglab,full-nyu-proposals,frame_total,54,3899.238704289827,3772.524024359882,4983.994989888743
20260424_183251_livinglab_full-nyu-proposals,livinglab,full-nyu-proposals,graph_update,54,168.47118975905082,183.38620592840016,297.0592052210122
20260424_183251_livinglab_full-nyu-proposals,livinglab,full-nyu-proposals,groundingdino_predict,,,,
20260424_183251_livinglab_full-nyu-proposals,livinglab,full-nyu-proposals,instance_gng_update,433,16.992293264906138,22.071745712310076,22.76227017864585
20260424_183251_livinglab_full-nyu-proposals,livinglab,full-nyu-proposals,place_gng_update,54,16.944527177623026,21.55161346308887,22.131359670311213
20260424_183251_livinglab_full-nyu-proposals,livinglab,full-nyu-proposals,pose_association,437,1.4855049665616633,1.253650989383459,1.6675838269293308
20260424_183251_livinglab_full-nyu-proposals,livinglab,full-nyu-proposals,sam_predict,,,,
20260424_184045_livinglab_full-nyu-proposals,livinglab,full-nyu-proposals,frame_total,54,3907.7525636767623,3777.2378500085324,4993.732321425341
20260424_184045_livinglab_full-nyu-proposals,livinglab,full-nyu-proposals,graph_update,54,168.8869102616553,173.16355695948005,302.1522048860787
20260424_184045_livinglab_full-nyu-proposals,livinglab,full-nyu-proposals,groundingdino_predict,,,,
20260424_184045_livinglab_full-nyu-proposals,livinglab,full-nyu-proposals,instance_gng_update,433,17.02835895744847,22.07733830437064,22.633456997573376
20260424_184045_livinglab_full-nyu-proposals,livinglab,full-nyu-proposals,place_gng_update,54,18.294593845321625,21.746730664744973,22.099554003216326
20260424_184045_livinglab_full-nyu-proposals,livinglab,full-nyu-proposals,pose_association,437,1.4981918326777233,1.2690997682511806,1.6598724760115147
20260424_184045_livinglab_full-nyu-proposals,livinglab,full-nyu-proposals,sam_predict,,,,
20260428_225321_livinglab_full-nyu-proposals_box_threshold-0p30,livinglab,full-nyu-proposals,frame_total,54,3932.440296927881,3800.4080259706825,5009.48619551491
20260428_225321_livinglab_full-nyu-proposals_box_threshold-0p30,livinglab,full-nyu-proposals,graph_update,54,170.8781000278476,171.07859067618847,303.08522561099363
20260428_225321_livinglab_full-nyu-proposals_box_threshold-0p30,livinglab,full-nyu-proposals,groundingdino_predict,,,,
20260428_225321_livinglab_full-nyu-proposals_box_threshold-0p30,livinglab,full-nyu-proposals,instance_gng_update,433,17.206639462251722,22.12364599108696,22.68914394080639
20260428_225321_livinglab_full-nyu-proposals_box_threshold-0p30,livinglab,full-nyu-proposals,place_gng_update,54,17.532493099915207,21.66880900040269,22.10963990073651
20260428_225321_livinglab_full-nyu-proposals_box_threshold-0p30,livinglab,full-nyu-proposals,pose_association,437,1.5614739431652243,1.2494148686528206,1.7407416366040704
20260428_225321_livinglab_full-nyu-proposals_box_threshold-0p30,livinglab,full-nyu-proposals,sam_predict,,,,
20260428_225724_livinglab_full-nyu-proposals_box_threshold-0p35,livinglab,full-nyu-proposals,frame_total,54,3912.352280061761,3752.5770470965654,4948.271820298395
20260428_225724_livinglab_full-nyu-proposals_box_threshold-0p35,livinglab,full-nyu-proposals,graph_update,54,169.69098825939,182.79819516465068,300.36303070373816
20260428_225724_livinglab_full-nyu-proposals_box_threshold-0p35,livinglab,full-nyu-proposals,groundingdino_predict,,,,
20260428_225724_livinglab_full-nyu-proposals_box_threshold-0p35,livinglab,full-nyu-proposals,instance_gng_update,433,17.13043234610014,22.14347291737795,22.736931685358286
20260428_225724_livinglab_full-nyu-proposals_box_threshold-0p35,livinglab,full-nyu-proposals,place_gng_update,54,17.916744937085443,21.603208733722568,22.11090181954205
20260428_225724_livinglab_full-nyu-proposals_box_threshold-0p35,livinglab,full-nyu-proposals,pose_association,437,1.4686087195418382,1.2577259913086891,1.7778730019927025
20260428_225724_livinglab_full-nyu-proposals_box_threshold-0p35,livinglab,full-nyu-proposals,sam_predict,,,,
20260428_230125_livinglab_full-nyu-proposals_box_threshold-0p40,livinglab,full-nyu-proposals,frame_total,54,3947.269992178513,3810.8893225435168,5039.083597692661
20260428_230125_livinglab_full-nyu-proposals_box_threshold-0p40,livinglab,full-nyu-proposals,graph_update,54,171.17918277573256,178.46088740043342,301.50402877479775
20260428_230125_livinglab_full-nyu-proposals_box_threshold-0p40,livinglab,full-nyu-proposals,groundingdino_predict,,,,
20260428_230125_livinglab_full-nyu-proposals_box_threshold-0p40,livinglab,full-nyu-proposals,instance_gng_update,433,17.282953937527214,22.14083867147565,22.748398687690496
20260428_230125_livinglab_full-nyu-proposals_box_threshold-0p40,livinglab,full-nyu-proposals,place_gng_update,54,16.595148653895766,21.62630739621818,22.035524086095393
20260428_230125_livinglab_full-nyu-proposals_box_threshold-0p40,livinglab,full-nyu-proposals,pose_association,437,1.5232697485155453,1.2436271645128727,1.7227319069206712
20260428_230125_livinglab_full-nyu-proposals_box_threshold-0p40,livinglab,full-nyu-proposals,sam_predict,,,,
20260429_231855_livinglab_full-nyu-proposals_box_threshold-0p25,livinglab,full-nyu-proposals,frame_total,54,4830.8388580982055,4643.340609967709,5906.474119424819
20260429_231855_livinglab_full-nyu-proposals_box_threshold-0p25,livinglab,full-nyu-proposals,graph_update,54,176.42658879049122,185.34774635918438,310.32501044683136
20260429_231855_livinglab_full-nyu-proposals_box_threshold-0p25,livinglab,full-nyu-proposals,groundingdino_predict,,,,
20260429_231855_livinglab_full-nyu-proposals_box_threshold-0p25,livinglab,full-nyu-proposals,instance_gng_update,479,15.944122147235031,22.18885300680995,22.838497534394264
20260429_231855_livinglab_full-nyu-proposals_box_threshold-0p25,livinglab,full-nyu-proposals,place_gng_update,54,17.938812927308458,21.676904521882534,22.13219574186951
20260429_231855_livinglab_full-nyu-proposals_box_threshold-0p25,livinglab,full-nyu-proposals,pose_association,483,1.4655087644515818,1.2508006766438484,1.7246158327907324
20260429_231855_livinglab_full-nyu-proposals_box_threshold-0p25,livinglab,full-nyu-proposals,sam_predict,,,,
20260429_232336_livinglab_full-nyu-proposals_box_threshold-0p30,livinglab,full-nyu-proposals,frame_total,54,4841.988519972398,4649.4619499426335,5911.175977019592
20260429_232336_livinglab_full-nyu-proposals_box_threshold-0p30,livinglab,full-nyu-proposals,graph_update,54,177.26253825929706,186.04472884908319,310.75308322906466
20260429_232336_livinglab_full-nyu-proposals_box_threshold-0p30,livinglab,full-nyu-proposals,groundingdino_predict,,,,
20260429_232336_livinglab_full-nyu-proposals_box_threshold-0p30,livinglab,full-nyu-proposals,instance_gng_update,479,15.905531741569833,22.09162339568138,22.769783763214946
20260429_232336_livinglab_full-nyu-proposals_box_threshold-0p30,livinglab,full-nyu-proposals,place_gng_update,54,17.977729275891626,21.73185837455094,22.15459393337369
20260429_232336_livinglab_full-nyu-proposals_box_threshold-0p30,livinglab,full-nyu-proposals,pose_association,483,1.5620081907226926,1.2488830834627151,1.6459663864225147
20260429_232336_livinglab_full-nyu-proposals_box_threshold-0p30,livinglab,full-nyu-proposals,sam_predict,,,,
20260429_232818_livinglab_full-nyu-proposals_box_threshold-0p35,livinglab,full-nyu-proposals,frame_total,54,4821.148726675246,4612.323614070192,5903.867226536386
20260429_232818_livinglab_full-nyu-proposals_box_threshold-0p35,livinglab,full-nyu-proposals,graph_update,54,175.50191845468902,186.0117595642805,313.30879447050364
20260429_232818_livinglab_full-nyu-proposals_box_threshold-0p35,livinglab,full-nyu-proposals,groundingdino_predict,,,,
20260429_232818_livinglab_full-nyu-proposals_box_threshold-0p35,livinglab,full-nyu-proposals,instance_gng_update,479,15.867981404486056,22.132552694529295,22.870122967287898
20260429_232818_livinglab_full-nyu-proposals_box_threshold-0p35,livinglab,full-nyu-proposals,place_gng_update,54,17.559459674413556,21.651941817253828,22.108479402959347
20260429_232818_livinglab_full-nyu-proposals_box_threshold-0p35,livinglab,full-nyu-proposals,pose_association,483,1.4379773024801266,1.248192973434925,1.658523129299283
20260429_232818_livinglab_full-nyu-proposals_box_threshold-0p35,livinglab,full-nyu-proposals,sam_predict,,,,
20260430_075807_livinglab_full-nyu-proposals_box_threshold-0p30,livinglab,full-nyu-proposals,frame_total,54,4837.245123866187,4654.4678886421025,5992.047311901115
20260430_075807_livinglab_full-nyu-proposals_box_threshold-0p30,livinglab,full-nyu-proposals,graph_update,54,176.66378181807144,184.17532090097666,309.2193741817025
20260430_075807_livinglab_full-nyu-proposals_box_threshold-0p30,livinglab,full-nyu-proposals,groundingdino_predict,,,,
20260430_075807_livinglab_full-nyu-proposals_box_threshold-0p30,livinglab,full-nyu-proposals,instance_gng_update,480,15.82021320258112,22.205237532034516,22.904125740751624
20260430_075807_livinglab_full-nyu-proposals_box_threshold-0p30,livinglab,full-nyu-proposals,place_gng_update,54,17.350441405411672,21.710595348849893,22.105428739450872
20260430_075807_livinglab_full-nyu-proposals_box_threshold-0p30,livinglab,full-nyu-proposals,pose_association,484,1.5668646338172565,1.2513981200754642,1.6126921866089106
20260430_075807_livinglab_full-nyu-proposals_box_threshold-0p30,livinglab,full-nyu-proposals,sam_predict,,,,
20260430_080258_livinglab_full-nyu-proposals_box_threshold-0p35,livinglab,full-nyu-proposals,frame_total,54,4857.048573403585,4683.265089290217,5939.980729552917
20260430_080258_livinglab_full-nyu-proposals_box_threshold-0p35,livinglab,full-nyu-proposals,graph_update,54,176.67058141281208,185.39542495273054,310.75801672413917
20260430_080258_livinglab_full-nyu-proposals_box_threshold-0p35,livinglab,full-nyu-proposals,groundingdino_predict,,,,
20260430_080258_livinglab_full-nyu-proposals_box_threshold-0p35,livinglab,full-nyu-proposals,instance_gng_update,480,15.831777371931821,22.138787899166346,22.862260090187192
20260430_080258_livinglab_full-nyu-proposals_box_threshold-0p35,livinglab,full-nyu-proposals,place_gng_update,54,17.869437570442205,21.58115548081696,22.07522566895932
20260430_080258_livinglab_full-nyu-proposals_box_threshold-0p35,livinglab,full-nyu-proposals,pose_association,484,1.54134607777646,1.2431915383785963,1.7529054079204798
20260430_080258_livinglab_full-nyu-proposals_box_threshold-0p35,livinglab,full-nyu-proposals,sam_predict,,,,
20260424_185127_livinglab_full-nyu-proposals-dformerv2-prior,livinglab,full-nyu-proposals-dformerv2-prior,frame_total,,,,
20260424_185127_livinglab_full-nyu-proposals-dformerv2-prior,livinglab,full-nyu-proposals-dformerv2-prior,graph_update,,,,
20260424_185127_livinglab_full-nyu-proposals-dformerv2-prior,livinglab,full-nyu-proposals-dformerv2-prior,groundingdino_predict,,,,
20260424_185127_livinglab_full-nyu-proposals-dformerv2-prior,livinglab,full-nyu-proposals-dformerv2-prior,instance_gng_update,,,,
20260424_185127_livinglab_full-nyu-proposals-dformerv2-prior,livinglab,full-nyu-proposals-dformerv2-prior,place_gng_update,,,,
20260424_185127_livinglab_full-nyu-proposals-dformerv2-prior,livinglab,full-nyu-proposals-dformerv2-prior,pose_association,,,,
20260424_185127_livinglab_full-nyu-proposals-dformerv2-prior,livinglab,full-nyu-proposals-dformerv2-prior,sam_predict,,,,
20260424_185152_livinglab_full-nyu-proposals-dformerv2-prior,livinglab,full-nyu-proposals-dformerv2-prior,frame_total,54,7718.272056335722,7645.155175123364,8806.318659917451
20260424_185152_livinglab_full-nyu-proposals-dformerv2-prior,livinglab,full-nyu-proposals-dformerv2-prior,graph_update,54,204.02195454678602,205.48889762721956,328.84067443665106
20260424_185152_livinglab_full-nyu-proposals-dformerv2-prior,livinglab,full-nyu-proposals-dformerv2-prior,groundingdino_predict,,,,
20260424_185152_livinglab_full-nyu-proposals-dformerv2-prior,livinglab,full-nyu-proposals-dformerv2-prior,instance_gng_update,488,16.568904401940582,22.065921686589718,22.75021756067872
20260424_185152_livinglab_full-nyu-proposals-dformerv2-prior,livinglab,full-nyu-proposals-dformerv2-prior,place_gng_update,54,16.184964993347723,21.483386866748333,21.9967637443915
20260424_185152_livinglab_full-nyu-proposals-dformerv2-prior,livinglab,full-nyu-proposals-dformerv2-prior,pose_association,540,2.9643615164483585,1.277881907299161,18.752110120840367
20260424_185152_livinglab_full-nyu-proposals-dformerv2-prior,livinglab,full-nyu-proposals-dformerv2-prior,sam_predict,,,,
20260424_190356_livinglab_full-nyu-proposals-dformerv2-prior_semantic_prior_fallback_enabled-false,livinglab,full-nyu-proposals-dformerv2-prior,frame_total,54,7588.989934297623,7442.414779448882,8692.44653515052
20260424_190356_livinglab_full-nyu-proposals-dformerv2-prior_semantic_prior_fallback_enabled-false,livinglab,full-nyu-proposals-dformerv2-prior,graph_update,54,169.43486946359002,173.82161552086473,291.89421560149617
20260424_190356_livinglab_full-nyu-proposals-dformerv2-prior_semantic_prior_fallback_enabled-false,livinglab,full-nyu-proposals-dformerv2-prior,groundingdino_predict,,,,
20260424_190356_livinglab_full-nyu-proposals-dformerv2-prior_semantic_prior_fallback_enabled-false,livinglab,full-nyu-proposals-dformerv2-prior,instance_gng_update,427,17.236646733724402,22.084000054746866,22.63749036937952
20260424_190356_livinglab_full-nyu-proposals-dformerv2-prior_semantic_prior_fallback_enabled-false,livinglab,full-nyu-proposals-dformerv2-prior,place_gng_update,54,16.214817710634733,21.623895037919283,22.036058781668544
20260424_190356_livinglab_full-nyu-proposals-dformerv2-prior_semantic_prior_fallback_enabled-false,livinglab,full-nyu-proposals-dformerv2-prior,pose_association,437,1.5148862000784966,1.2671132571995258,1.6675880178809166
20260424_190356_livinglab_full-nyu-proposals-dformerv2-prior_semantic_prior_fallback_enabled-false,livinglab,full-nyu-proposals-dformerv2-prior,sam_predict,,,,
20260424_185127_livinglab_full-nyu-proposals-esanet-prior,livinglab,full-nyu-proposals-esanet-prior,frame_total,,,,
20260424_185127_livinglab_full-nyu-proposals-esanet-prior,livinglab,full-nyu-proposals-esanet-prior,graph_update,,,,
20260424_185127_livinglab_full-nyu-proposals-esanet-prior,livinglab,full-nyu-proposals-esanet-prior,groundingdino_predict,,,,
20260424_185127_livinglab_full-nyu-proposals-esanet-prior,livinglab,full-nyu-proposals-esanet-prior,instance_gng_update,,,,
20260424_185127_livinglab_full-nyu-proposals-esanet-prior,livinglab,full-nyu-proposals-esanet-prior,place_gng_update,,,,
20260424_185127_livinglab_full-nyu-proposals-esanet-prior,livinglab,full-nyu-proposals-esanet-prior,pose_association,,,,
20260424_185127_livinglab_full-nyu-proposals-esanet-prior,livinglab,full-nyu-proposals-esanet-prior,sam_predict,,,,
20260424_185929_livinglab_full-nyu-proposals-esanet-prior,livinglab,full-nyu-proposals-esanet-prior,frame_total,54,4113.9589778182135,3907.0125452708453,5132.944763847627
20260424_185929_livinglab_full-nyu-proposals-esanet-prior,livinglab,full-nyu-proposals-esanet-prior,graph_update,54,179.84623702553412,185.06519962102175,305.20129303913546
20260424_185929_livinglab_full-nyu-proposals-esanet-prior,livinglab,full-nyu-proposals-esanet-prior,groundingdino_predict,,,,
20260424_185929_livinglab_full-nyu-proposals-esanet-prior,livinglab,full-nyu-proposals-esanet-prior,instance_gng_update,456,16.514902422817325,22.07281324081123,22.74414023850113
20260424_185929_livinglab_full-nyu-proposals-esanet-prior,livinglab,full-nyu-proposals-esanet-prior,place_gng_update,54,17.31883893996753,21.55795320868492,22.102494863793254
20260424_185929_livinglab_full-nyu-proposals-esanet-prior,livinglab,full-nyu-proposals-esanet-prior,pose_association,475,2.1323602940691146,1.2700920924544334,1.9109942950308316
20260424_185929_livinglab_full-nyu-proposals-esanet-prior,livinglab,full-nyu-proposals-esanet-prior,sam_predict,,,,
20260501_193310_livinglab_tuned_full,livinglab_tuned,full,frame_total,,,,
20260501_193310_livinglab_tuned_full,livinglab_tuned,full,graph_update,,,,
20260501_193310_livinglab_tuned_full,livinglab_tuned,full,groundingdino_predict,,,,
20260501_193310_livinglab_tuned_full,livinglab_tuned,full,instance_gng_update,,,,
20260501_193310_livinglab_tuned_full,livinglab_tuned,full,place_gng_update,,,,
20260501_193310_livinglab_tuned_full,livinglab_tuned,full,pose_association,,,,
20260501_193310_livinglab_tuned_full,livinglab_tuned,full,sam_predict,,,,
20260501_193323_livinglab_tuned_full,livinglab_tuned,full,frame_total,54,2237.8740336280316,2133.5567999631166,2900.2474725712086
20260501_193323_livinglab_tuned_full,livinglab_tuned,full,graph_update,53,72.39602767106778,59.48180565610528,150.20299414172766
20260501_193323_livinglab_tuned_full,livinglab_tuned,full,groundingdino_predict,54,142.50835264101624,132.54528655670583,135.47688636463135
20260501_193323_livinglab_tuned_full,livinglab_tuned,full,instance_gng_update,232,11.909221676338849,21.714157424867153,22.62436719611287
20260501_193323_livinglab_tuned_full,livinglab_tuned,full,place_gng_update,54,17.691212240606546,21.605917485430837,22.040253481827676
20260501_193323_livinglab_tuned_full,livinglab_tuned,full,pose_association,239,2.191134243346283,1.2595872394740582,1.6370258294045925
20260501_193323_livinglab_tuned_full,livinglab_tuned,full,sam_predict,54,58.79766387106092,57.098765624687076,69.09451165702194
20260503_095733_livinglab_tuned_full_processing_period-0p0,livinglab_tuned,full,frame_total,54,2285.881325723258,2181.557211326435,2957.017394714057
20260503_095733_livinglab_tuned_full_processing_period-0p0,livinglab_tuned,full,graph_update,53,70.70999194534039,57.97810107469559,143.29422349110246
20260503_095733_livinglab_tuned_full_processing_period-0p0,livinglab_tuned,full,groundingdino_predict,54,168.7608980315013,157.99762192182243,161.9652164168656
20260503_095733_livinglab_tuned_full_processing_period-0p0,livinglab_tuned,full,instance_gng_update,232,11.484548756611886,11.598607990890741,22.63025059364736
20260503_095733_livinglab_tuned_full_processing_period-0p0,livinglab_tuned,full,place_gng_update,54,17.473843215999228,21.55780722387135,21.975854388438165
20260503_095733_livinglab_tuned_full_processing_period-0p0,livinglab_tuned,full,pose_association,239,2.263243353017703,1.2553930282592773,1.6010615974664686
20260503_095733_livinglab_tuned_full_processing_period-0p0,livinglab_tuned,full,sam_predict,54,65.28223942344387,65.96747157163918,73.64407642744482
20260422_164053_meeting_full,meeting,full,frame_total,,,,
20260422_164053_meeting_full,meeting,full,graph_update,,,,
20260422_164053_meeting_full,meeting,full,groundingdino_predict,,,,
20260422_164053_meeting_full,meeting,full,instance_gng_update,,,,
20260422_164053_meeting_full,meeting,full,place_gng_update,,,,
20260422_164053_meeting_full,meeting,full,pose_association,,,,
20260422_164053_meeting_full,meeting,full,sam_predict,,,,
20260422_164059_meeting_full,meeting,full,frame_total,,,,
20260422_164059_meeting_full,meeting,full,graph_update,,,,
20260422_164059_meeting_full,meeting,full,groundingdino_predict,,,,
20260422_164059_meeting_full,meeting,full,instance_gng_update,,,,
20260422_164059_meeting_full,meeting,full,place_gng_update,,,,
20260422_164059_meeting_full,meeting,full,pose_association,,,,
20260422_164059_meeting_full,meeting,full,sam_predict,,,,
20260422_164138_meeting_full,meeting,full,frame_total,350,4604.474072655264,5686.4440679783,6649.775877106004
20260422_164138_meeting_full,meeting,full,graph_update,182,28.30007084092678,27.709676884114742,55.37924658274278
20260422_164138_meeting_full,meeting,full,groundingdino_predict,350,2731.3793616276234,2754.433123045601,2921.317593869753
20260422_164138_meeting_full,meeting,full,instance_gng_update,202,10.275358957754872,0.3042310709133744,23.03826390998438
20260422_164138_meeting_full,meeting,full,place_gng_update,350,17.27064703657691,21.719168056733906,22.689589823130518
20260422_164138_meeting_full,meeting,full,pose_association,302,7.4430092874704705,1.7565259477123618,20.753283926751465
20260422_164138_meeting_full,meeting,full,sam_predict,187,268.0304800683164,249.5424400549382,401.53307132422924
20260422_174015_meeting_full,meeting,full,frame_total,,,,
20260422_174015_meeting_full,meeting,full,graph_update,,,,
20260422_174015_meeting_full,meeting,full,groundingdino_predict,,,,
20260422_174015_meeting_full,meeting,full,instance_gng_update,,,,
20260422_174015_meeting_full,meeting,full,place_gng_update,,,,
20260422_174015_meeting_full,meeting,full,pose_association,,,,
20260422_174015_meeting_full,meeting,full,sam_predict,,,,
20260423_123649_meeting_full,meeting,full,frame_total,,,,
20260423_123649_meeting_full,meeting,full,graph_update,,,,
20260423_123649_meeting_full,meeting,full,groundingdino_predict,,,,
20260423_123649_meeting_full,meeting,full,instance_gng_update,,,,
20260423_123649_meeting_full,meeting,full,place_gng_update,,,,
20260423_123649_meeting_full,meeting,full,pose_association,,,,
20260423_123649_meeting_full,meeting,full,sam_predict,,,,
20260423_130730_meeting_full,meeting,full,frame_total,350,1666.2613669523437,1882.6509369537234,2142.9606550722383
20260423_130730_meeting_full,meeting,full,graph_update,291,35.27716572534075,29.21715984120965,76.24087191652507
20260423_130730_meeting_full,meeting,full,groundingdino_predict,350,129.48505704025072,127.71413405425847,130.24882912868634
20260423_130730_meeting_full,meeting,full,instance_gng_update,366,13.079371701549393,21.892317570745945,22.680420835968107
20260423_130730_meeting_full,meeting,full,place_gng_update,350,17.98530730817999,21.622823434881866,22.329191549215466
20260423_130730_meeting_full,meeting,full,pose_association,521,8.388699677231187,1.4544290024787188,25.717193027958274
20260423_130730_meeting_full,meeting,full,sam_predict,322,55.54738115180886,53.69739106390625,61.43112933496013
20260423_145127_meeting_full,meeting,full,frame_total,,,,
20260423_145127_meeting_full,meeting,full,graph_update,,,,
20260423_145127_meeting_full,meeting,full,groundingdino_predict,,,,
20260423_145127_meeting_full,meeting,full,instance_gng_update,,,,
20260423_145127_meeting_full,meeting,full,place_gng_update,,,,
20260423_145127_meeting_full,meeting,full,pose_association,,,,
20260423_145127_meeting_full,meeting,full,sam_predict,,,,
20260423_145138_meeting_full,meeting,full,frame_total,350,5954.804243617691,6398.730818531476,6842.046135128476
20260423_145138_meeting_full,meeting,full,graph_update,291,34.86226958581135,28.700666036456823,70.65188861452043
20260423_145138_meeting_full,meeting,full,groundingdino_predict,350,3022.707555944632,3020.538207492791,3154.845635429956
20260423_145138_meeting_full,meeting,full,instance_gng_update,367,13.545081217973735,22.121925139799714,22.911586798727512
20260423_145138_meeting_full,meeting,full,place_gng_update,350,18.043482132655168,21.895575569942594,22.650261770468205
20260423_145138_meeting_full,meeting,full,pose_association,522,7.231060006491612,1.7168329795822501,25.31792412046343
20260423_145138_meeting_full,meeting,full,sam_predict,321,354.8120217139592,363.9778569340706,481.8397299386561
20260423_181948_meeting_full,meeting,full,frame_total,,,,
20260423_181948_meeting_full,meeting,full,graph_update,,,,
20260423_181948_meeting_full,meeting,full,groundingdino_predict,,,,
20260423_181948_meeting_full,meeting,full,instance_gng_update,,,,
20260423_181948_meeting_full,meeting,full,place_gng_update,,,,
20260423_181948_meeting_full,meeting,full,pose_association,,,,
20260423_181948_meeting_full,meeting,full,sam_predict,,,,
20260423_181958_meeting_full,meeting,full,frame_total,350,5695.582741608045,6169.129493413493,6684.6597859985195
20260423_181958_meeting_full,meeting,full,graph_update,291,34.63416414965853,28.219613013789058,67.47619609814137
20260423_181958_meeting_full,meeting,full,groundingdino_predict,350,2792.4193795517617,2884.0050138533115,3075.7548182969913
20260423_181958_meeting_full,meeting,full,instance_gng_update,367,13.547530921165926,21.986990934237838,23.08797538280487
20260423_181958_meeting_full,meeting,full,place_gng_update,350,17.4159989412874,21.74915443174541,22.777576034422964
20260423_181958_meeting_full,meeting,full,pose_association,522,7.1413449075972215,1.6678700922057033,25.394558859989047
20260423_181958_meeting_full,meeting,full,sam_predict,321,316.69275368334627,332.6305849477649,461.0123629681766
20260427_213026_meeting_full_processing_period-0p7,meeting,full,frame_total,350,1738.1555993123245,1908.980559092015,2206.954911281355
20260427_213026_meeting_full_processing_period-0p7,meeting,full,graph_update,300,42.76592384558171,37.47887350618839,91.31023900117725
20260427_213026_meeting_full_processing_period-0p7,meeting,full,groundingdino_predict,350,129.1813890981887,127.30019516311586,129.69411141239107
20260427_213026_meeting_full_processing_period-0p7,meeting,full,instance_gng_update,406,14.09392516596674,21.947983419522643,22.660127142444253
20260427_213026_meeting_full_processing_period-0p7,meeting,full,place_gng_update,350,17.419325578957796,21.61757997237146,22.31582272797823
20260427_213026_meeting_full_processing_period-0p7,meeting,full,pose_association,576,10.213732935274797,1.4433420728892088,35.680028959177434
20260427_213026_meeting_full_processing_period-0p7,meeting,full,sam_predict,324,54.57684470852262,52.23898752592504,64.69107586890459
20260427_215056_meeting_full_processing_period-0p7,meeting,full,frame_total,350,1717.0213175365436,1883.1993115600199,2175.126151437871
20260427_215056_meeting_full_processing_period-0p7,meeting,full,graph_update,300,41.48994955699891,37.1557658072561,90.73504898697138
20260427_215056_meeting_full_processing_period-0p7,meeting,full,groundingdino_predict,350,128.9159634110651,126.99551531113684,129.8169630812481
20260427_215056_meeting_full_processing_period-0p7,meeting,full,instance_gng_update,406,13.984365657137092,22.009051870554686,22.659848327748477
20260427_215056_meeting_full_processing_period-0p7,meeting,full,place_gng_update,350,17.530840798946365,21.605178713798523,22.278378112241626
20260427_215056_meeting_full_processing_period-0p7,meeting,full,pose_association,576,9.624379037025696,1.4319256879389286,35.71829397697002
20260427_215056_meeting_full_processing_period-0p7,meeting,full,sam_predict,324,55.98464110624735,52.44197975844145,65.45358982402831
20260427_220205_meeting_full_processing_period-1p0,meeting,full,frame_total,350,1727.0165667682886,1894.0872275270522,2179.7520246822387
20260427_220205_meeting_full_processing_period-1p0,meeting,full,graph_update,300,43.60545538210621,39.244299521669745,93.31807473208755
20260427_220205_meeting_full_processing_period-1p0,meeting,full,groundingdino_predict,350,129.92876937213754,128.21883196011186,130.5293662007898
20260427_220205_meeting_full_processing_period-1p0,meeting,full,instance_gng_update,406,13.811282479786888,22.00043899938464,22.691969294101
20260427_220205_meeting_full_processing_period-1p0,meeting,full,place_gng_update,350,17.70954556364034,21.628926275298,22.282553766854107
20260427_220205_meeting_full_processing_period-1p0,meeting,full,pose_association,576,10.827735813412195,1.4527605380862951,36.68122400995344
20260427_220205_meeting_full_processing_period-1p0,meeting,full,sam_predict,324,56.13250733945335,54.88074477761984,65.36328985821454
20260427_221318_meeting_full_processing_period-1p3,meeting,full,frame_total,350,1715.0790361594409,1881.4717947971076,2173.8465398550034
20260427_221318_meeting_full_processing_period-1p3,meeting,full,graph_update,300,40.607014393123485,36.2072279676795,89.72025276161732
20260427_221318_meeting_full_processing_period-1p3,meeting,full,groundingdino_predict,350,129.7095127882702,128.1188684515655,129.88827568478882
20260427_221318_meeting_full_processing_period-1p3,meeting,full,instance_gng_update,406,13.962931459622798,22.02803734689951,22.670868900604546
20260427_221318_meeting_full_processing_period-1p3,meeting,full,place_gng_update,350,17.366310146504215,21.590585820376873,22.324475809000432
20260427_221318_meeting_full_processing_period-1p3,meeting,full,pose_association,576,9.163730020292052,1.4430736191570759,35.26880918070674
20260427_221318_meeting_full_processing_period-1p3,meeting,full,sam_predict,324,54.64169653822427,51.89418257214129,65.86132040247321
20260428_062516_meeting_full_box_threshold-0p50,meeting,full,frame_total,350,1456.0270713030227,1848.218378610909,2121.7533729737625
20260428_062516_meeting_full_box_threshold-0p50,meeting,full,graph_update,249,33.540442724334426,30.17091704532504,69.55900397151709
20260428_062516_meeting_full_box_threshold-0p50,meeting,full,groundingdino_predict,350,129.61095442064106,127.80072283931077,130.5077087599784
20260428_062516_meeting_full_box_threshold-0p50,meeting,full,instance_gng_update,261,10.79439072980335,11.30061224102974,22.67887583002448
20260428_062516_meeting_full_box_threshold-0p50,meeting,full,place_gng_update,350,17.627471125285542,21.589704090729356,22.255551675334573
20260428_062516_meeting_full_box_threshold-0p50,meeting,full,pose_association,389,12.168834675438607,1.4622961170971394,36.42436293885112
20260428_062516_meeting_full_box_threshold-0p50,meeting,full,sam_predict,276,57.01205169485099,57.646885281428695,66.11368630547076
20260428_063454_meeting_full_box_threshold-0p55,meeting,full,frame_total,350,1128.1110162434302,1774.9730935320258,2032.6468981802464
20260428_063454_meeting_full_box_threshold-0p55,meeting,full,graph_update,186,27.612958238610336,26.76317165605724,68.11689143069088
20260428_063454_meeting_full_box_threshold-0p55,meeting,full,groundingdino_predict,350,129.8686305460121,128.05237947031856,130.0831037107855
20260428_063454_meeting_full_box_threshold-0p55,meeting,full,instance_gng_update,189,8.029812417195114,0.22562872618436813,22.635096963495016
20260428_063454_meeting_full_box_threshold-0p55,meeting,full,place_gng_update,350,16.589040637814573,21.479640854522586,22.278006095439196
20260428_063454_meeting_full_box_threshold-0p55,meeting,full,pose_association,270,11.344718960700211,1.451175892725587,35.73521145153791
20260428_063454_meeting_full_box_threshold-0p55,meeting,full,sam_predict,211,58.6764121459029,58.15563490614295,65.00171148218215
20260428_064237_meeting_full_box_threshold-0p60,meeting,full,frame_total,350,854.3050722272268,255.2677362691611,1952.2377783665434
20260428_064237_meeting_full_box_threshold-0p60,meeting,full,graph_update,132,19.942965115081858,11.588567169383168,64.64047098997979
20260428_064237_meeting_full_box_threshold-0p60,meeting,full,groundingdino_predict,350,130.1314849366567,128.49105428904295,130.42563060298562
20260428_064237_meeting_full_box_threshold-0p60,meeting,full,instance_gng_update,144,7.085110807868962,0.16679405234754086,22.455090726725757
20260428_064237_meeting_full_box_threshold-0p60,meeting,full,place_gng_update,350,17.207042294155276,21.52905403636396,22.23849908914417
20260428_064237_meeting_full_box_threshold-0p60,meeting,full,pose_association,174,7.124106536201876,1.4318865723907948,35.372683801688254
20260428_064237_meeting_full_box_threshold-0p60,meeting,full,sam_predict,135,56.24743719343786,54.658840876072645,64.87221634015441
20260428_091430_meeting_full_box_threshold-0p45,meeting,full,frame_total,350,1602.7873719603356,1881.2177504878491,2159.9042853107676
20260428_091430_meeting_full_box_threshold-0p45,meeting,full,graph_update,277,36.7415390407754,29.899391811341047,81.94675119593732
20260428_091430_meeting_full_box_threshold-0p45,meeting,full,groundingdino_predict,350,132.11504683031566,130.26749691925943,132.7783811604604
20260428_091430_meeting_full_box_threshold-0p45,meeting,full,instance_gng_update,362,13.323555551263508,21.951337810605764,22.709906799718738
20260428_091430_meeting_full_box_threshold-0p45,meeting,full,place_gng_update,350,17.271343461636985,21.736293798312545,22.40093471482396
20260428_091430_meeting_full_box_threshold-0p45,meeting,full,pose_association,471,9.167246119121204,1.4583817683160305,36.53015778400004
20260428_091430_meeting_full_box_threshold-0p45,meeting,full,sam_predict,304,57.16031311404597,56.215894408524036,66.6750498348847
20260428_092459_meeting_full_box_threshold-0p50,meeting,full,frame_total,350,1276.9485372970146,1791.9951928779483,2029.8501375131311
20260428_092459_meeting_full_box_threshold-0p50,meeting,full,graph_update,218,26.368333631272026,26.656163157895207,66.37633005157113
20260428_092459_meeting_full_box_threshold-0p50,meeting,full,groundingdino_predict,350,132.0624364327107,130.48864691518247,132.34931188635528
20260428_092459_meeting_full_box_threshold-0p50,meeting,full,instance_gng_update,245,10.318655077824179,0.2975091338157654,22.596462536603212
20260428_092459_meeting_full_box_threshold-0p50,meeting,full,place_gng_update,350,17.359147710459574,21.64384163916111,22.426852374337614
20260428_092459_meeting_full_box_threshold-0p50,meeting,full,pose_association,321,7.847316300560288,1.4564599841833115,34.849447663873434
20260428_092459_meeting_full_box_threshold-0p50,meeting,full,sam_predict,244,54.38715444503688,52.7550030965358,59.293026314117014
20260428_093334_meeting_full_box_threshold-0p55,meeting,full,frame_total,350,953.5595092749489,275.29668412171304,1956.5364418784159
20260428_093334_meeting_full_box_threshold-0p55,meeting,full,graph_update,151,21.881170179201476,26.297552976757288,46.575043350458145
20260428_093334_meeting_full_box_threshold-0p55,meeting,full,groundingdino_predict,350,132.19753707759082,130.44279883615673,132.84824492875487
20260428_093334_meeting_full_box_threshold-0p55,meeting,full,instance_gng_update,163,7.944595380086292,0.2089422196149826,22.62053624726832
20260428_093334_meeting_full_box_threshold-0p55,meeting,full,place_gng_update,350,17.252924951857754,21.59673091955483,22.316338284872472
20260428_093334_meeting_full_box_threshold-0p55,meeting,full,pose_association,202,7.761170047953135,1.4295123983174562,35.46284649055451
20260428_093334_meeting_full_box_threshold-0p55,meeting,full,sam_predict,172,59.329331126930406,58.52086748927832,66.65480262599885
20260428_101707_meeting_full_box_threshold-0p45,meeting,full,frame_total,350,1525.4671002738178,1845.6587470136583,2132.4391833506525
20260428_101707_meeting_full_box_threshold-0p45,meeting,full,graph_update,266,36.57063673061312,26.96518856100738,91.16899606306106
20260428_101707_meeting_full_box_threshold-0p45,meeting,full,groundingdino_predict,350,134.02340472143675,132.294264389202,135.25402317754924
20260428_101707_meeting_full_box_threshold-0p45,meeting,full,instance_gng_update,345,13.309546003954997,21.95793390274048,22.66982840374112
20260428_101707_meeting_full_box_threshold-0p45,meeting,full,place_gng_update,350,17.531923968344927,21.665681386366487,22.39699657075107
20260428_101707_meeting_full_box_threshold-0p45,meeting,full,pose_association,458,9.017180163397018,1.4463849365711212,36.72134326770902
20260428_101707_meeting_full_box_threshold-0p45,meeting,full,sam_predict,280,57.41258956092809,57.12133250199258,66.52855665888637
20260428_102710_meeting_full_box_threshold-0p50,meeting,full,frame_total,350,1185.437099436032,1784.8004044499248,1993.8037748914212
20260428_102710_meeting_full_box_threshold-0p50,meeting,full,graph_update,201,25.94419680906469,26.440413668751717,67.25167389959097
20260428_102710_meeting_full_box_threshold-0p50,meeting,full,groundingdino_predict,350,134.08178392265523,132.34394462779164,135.09272749070078
20260428_102710_meeting_full_box_threshold-0p50,meeting,full,instance_gng_update,208,9.928436428218937,0.2476368099451065,22.636689222417772
20260428_102710_meeting_full_box_threshold-0p50,meeting,full,place_gng_update,350,17.592551223933697,21.675753640010953,22.49834230169654
20260428_102710_meeting_full_box_threshold-0p50,meeting,full,pose_association,284,8.958154153013208,1.4616595581173897,35.26277141645551
20260428_102710_meeting_full_box_threshold-0p50,meeting,full,sam_predict,203,56.39807414951656,52.72307898849249,66.04434615001082
20260428_103513_meeting_full_box_threshold-0p55,meeting,full,frame_total,350,866.0204447526485,260.2429937105626,1921.664387988858
20260428_103513_meeting_full_box_threshold-0p55,meeting,full,graph_update,134,19.922248855817006,15.929945046082139,58.675843547098296
20260428_103513_meeting_full_box_threshold-0p55,meeting,full,groundingdino_predict,350,133.80995354082967,132.05584650859237,134.33714602142572
20260428_103513_meeting_full_box_threshold-0p55,meeting,full,instance_gng_update,146,7.608296939694922,0.19317911937832832,22.615776862949133
20260428_103513_meeting_full_box_threshold-0p55,meeting,full,place_gng_update,350,17.016188917415484,21.624125074595213,22.391970898024738
20260428_103513_meeting_full_box_threshold-0p55,meeting,full,pose_association,174,6.762097629814826,1.4432875905185938,35.60932648833841
20260428_103513_meeting_full_box_threshold-0p55,meeting,full,sam_predict,134,58.14968390084469,57.87014705128968,66.93485886789858
20260501_112153_meeting_full,meeting,full,frame_total,,,,
20260501_112153_meeting_full,meeting,full,graph_update,,,,
20260501_112153_meeting_full,meeting,full,groundingdino_predict,,,,
20260501_112153_meeting_full,meeting,full,instance_gng_update,,,,
20260501_112153_meeting_full,meeting,full,place_gng_update,,,,
20260501_112153_meeting_full,meeting,full,pose_association,,,,
20260501_112153_meeting_full,meeting,full,sam_predict,,,,
20260501_112201_meeting_full,meeting,full,frame_total,350,1519.5994792519402,1844.1618834622204,2102.147973328829
20260501_112201_meeting_full,meeting,full,graph_update,266,37.010122838086986,29.248547041788697,90.59063019230962
20260501_112201_meeting_full,meeting,full,groundingdino_predict,350,133.40251183536435,131.36502169072628,135.30136672779918
20260501_112201_meeting_full,meeting,full,instance_gng_update,345,13.217580122738212,21.94690005853772,22.66123853623867
20260501_112201_meeting_full,meeting,full,place_gng_update,350,17.715881399012037,21.64979139342904,22.434342955239117
20260501_112201_meeting_full,meeting,full,pose_association,458,9.304726412967172,1.430147560313344,36.40739577822387
20260501_112201_meeting_full,meeting,full,sam_predict,280,55.25173074565828,52.52554756589234,65.7819974469021
20260503_092824_meeting_full_processing_period-0p0,meeting,full,frame_total,,,,
20260503_092824_meeting_full_processing_period-0p0,meeting,full,graph_update,,,,
20260503_092824_meeting_full_processing_period-0p0,meeting,full,groundingdino_predict,,,,
20260503_092824_meeting_full_processing_period-0p0,meeting,full,instance_gng_update,,,,
20260503_092824_meeting_full_processing_period-0p0,meeting,full,place_gng_update,,,,
20260503_092824_meeting_full_processing_period-0p0,meeting,full,pose_association,,,,
20260503_092824_meeting_full_processing_period-0p0,meeting,full,sam_predict,,,,
20260503_092849_meeting_full_processing_period-0p0,meeting,full,frame_total,350,1553.8227140584163,1870.6662172917277,2168.8590727746487
20260503_092849_meeting_full_processing_period-0p0,meeting,full,graph_update,266,36.81341724127139,27.06233086064458,88.91078713349998
20260503_092849_meeting_full_processing_period-0p0,meeting,full,groundingdino_predict,350,155.1501747114318,156.07110713608563,161.03865071199834
20260503_092849_meeting_full_processing_period-0p0,meeting,full,instance_gng_update,345,13.254406196537657,21.717616356909275,22.668413538485765
20260503_092849_meeting_full_processing_period-0p0,meeting,full,place_gng_update,350,18.02970215279077,21.613802993670106,22.340106777846813
20260503_092849_meeting_full_processing_period-0p0,meeting,full,pose_association,458,9.169568492742215,1.436199527233839,36.35988750029355
20260503_092849_meeting_full_processing_period-0p0,meeting,full,sam_predict,280,56.817771354690194,55.75504759326577,65.63863398041576
20260422_175241_meeting_full-nyu-proposals,meeting,full-nyu-proposals,frame_total,,,,
20260422_175241_meeting_full-nyu-proposals,meeting,full-nyu-proposals,graph_update,,,,
20260422_175241_meeting_full-nyu-proposals,meeting,full-nyu-proposals,groundingdino_predict,,,,
20260422_175241_meeting_full-nyu-proposals,meeting,full-nyu-proposals,instance_gng_update,,,,
20260422_175241_meeting_full-nyu-proposals,meeting,full-nyu-proposals,place_gng_update,,,,
20260422_175241_meeting_full-nyu-proposals,meeting,full-nyu-proposals,pose_association,,,,
20260422_175241_meeting_full-nyu-proposals,meeting,full-nyu-proposals,sam_predict,,,,
20260422_175304_meeting_full-nyu-proposals,meeting,full-nyu-proposals,frame_total,,,,
20260422_175304_meeting_full-nyu-proposals,meeting,full-nyu-proposals,graph_update,,,,
20260422_175304_meeting_full-nyu-proposals,meeting,full-nyu-proposals,groundingdino_predict,,,,
20260422_175304_meeting_full-nyu-proposals,meeting,full-nyu-proposals,instance_gng_update,,,,
20260422_175304_meeting_full-nyu-proposals,meeting,full-nyu-proposals,place_gng_update,,,,
20260422_175304_meeting_full-nyu-proposals,meeting,full-nyu-proposals,pose_association,,,,
20260422_175304_meeting_full-nyu-proposals,meeting,full-nyu-proposals,sam_predict,,,,
20260422_182920_meeting_full-nyu-proposals,meeting,full-nyu-proposals,frame_total,,,,
20260422_182920_meeting_full-nyu-proposals,meeting,full-nyu-proposals,graph_update,,,,
20260422_182920_meeting_full-nyu-proposals,meeting,full-nyu-proposals,groundingdino_predict,,,,
20260422_182920_meeting_full-nyu-proposals,meeting,full-nyu-proposals,instance_gng_update,,,,
20260422_182920_meeting_full-nyu-proposals,meeting,full-nyu-proposals,place_gng_update,,,,
20260422_182920_meeting_full-nyu-proposals,meeting,full-nyu-proposals,pose_association,,,,
20260422_182920_meeting_full-nyu-proposals,meeting,full-nyu-proposals,sam_predict,,,,
20260422_192003_meeting_full-nyu-proposals,meeting,full-nyu-proposals,frame_total,350,5998.770400189927,5392.319788923487,9732.7265812899
20260422_192003_meeting_full-nyu-proposals,meeting,full-nyu-proposals,graph_update,350,353.6660180826272,319.31309204082936,671.8905689544044
20260422_192003_meeting_full-nyu-proposals,meeting,full-nyu-proposals,groundingdino_predict,,,,
20260422_192003_meeting_full-nyu-proposals,meeting,full-nyu-proposals,instance_gng_update,4260,23.256372046075377,22.27351046167314,34.85422426601871
20260422_192003_meeting_full-nyu-proposals,meeting,full-nyu-proposals,place_gng_update,350,19.523788981272705,21.91010897513479,25.27182979974896
20260422_192003_meeting_full-nyu-proposals,meeting,full-nyu-proposals,pose_association,4446,2.559257447256636,1.371820573695004,10.356512968428433
20260422_192003_meeting_full-nyu-proposals,meeting,full-nyu-proposals,sam_predict,,,,
20260422_221843_meeting_full-nyu-proposals,meeting,full-nyu-proposals,frame_total,,,,
20260422_221843_meeting_full-nyu-proposals,meeting,full-nyu-proposals,graph_update,,,,
20260422_221843_meeting_full-nyu-proposals,meeting,full-nyu-proposals,groundingdino_predict,,,,
20260422_221843_meeting_full-nyu-proposals,meeting,full-nyu-proposals,instance_gng_update,,,,
20260422_221843_meeting_full-nyu-proposals,meeting,full-nyu-proposals,place_gng_update,,,,
20260422_221843_meeting_full-nyu-proposals,meeting,full-nyu-proposals,pose_association,,,,
20260422_221843_meeting_full-nyu-proposals,meeting,full-nyu-proposals,sam_predict,,,,
20260422_221851_meeting_full-nyu-proposals,meeting,full-nyu-proposals,frame_total,350,2920.69636674997,2982.2924674954265,3799.1872066515507
20260422_221851_meeting_full-nyu-proposals,meeting,full-nyu-proposals,graph_update,307,75.06397392461228,56.31705513224006,180.67678334191442
20260422_221851_meeting_full-nyu-proposals,meeting,full-nyu-proposals,groundingdino_predict,,,,
20260422_221851_meeting_full-nyu-proposals,meeting,full-nyu-proposals,instance_gng_update,954,19.044175916117084,22.03713241033256,22.612643928732723
20260422_221851_meeting_full-nyu-proposals,meeting,full-nyu-proposals,place_gng_update,350,17.34823599790356,21.573461475782096,22.418506385292858
20260422_221851_meeting_full-nyu-proposals,meeting,full-nyu-proposals,pose_association,1003,2.296661040703891,1.220551086589694,2.30125815141946
20260422_221851_meeting_full-nyu-proposals,meeting,full-nyu-proposals,sam_predict,,,,
20260422_223827_meeting_full-nyu-proposals,meeting,full-nyu-proposals,frame_total,350,3089.761697110454,3010.566326091066,3892.0575908268806
20260422_223827_meeting_full-nyu-proposals,meeting,full-nyu-proposals,graph_update,333,87.7793002335282,78.18858721293509,205.881462758407
20260422_223827_meeting_full-nyu-proposals,meeting,full-nyu-proposals,groundingdino_predict,,,,
20260422_223827_meeting_full-nyu-proposals,meeting,full-nyu-proposals,instance_gng_update,1115,19.701934138087413,22.08433300256729,22.64751079492271
20260422_223827_meeting_full-nyu-proposals,meeting,full-nyu-proposals,place_gng_update,350,17.905537514681264,21.645494387485087,22.366835654247552
20260422_223827_meeting_full-nyu-proposals,meeting,full-nyu-proposals,pose_association,1234,3.379711109769004,1.2229235144332051,24.881913990247995
20260422_223827_meeting_full-nyu-proposals,meeting,full-nyu-proposals,sam_predict,,,,
20260423_123649_meeting_full-nyu-proposals,meeting,full-nyu-proposals,frame_total,,,,
20260423_123649_meeting_full-nyu-proposals,meeting,full-nyu-proposals,graph_update,,,,
20260423_123649_meeting_full-nyu-proposals,meeting,full-nyu-proposals,groundingdino_predict,,,,
20260423_123649_meeting_full-nyu-proposals,meeting,full-nyu-proposals,instance_gng_update,,,,
20260423_123649_meeting_full-nyu-proposals,meeting,full-nyu-proposals,place_gng_update,,,,
20260423_123649_meeting_full-nyu-proposals,meeting,full-nyu-proposals,pose_association,,,,
20260423_123649_meeting_full-nyu-proposals,meeting,full-nyu-proposals,sam_predict,,,,
20260423_131906_meeting_full-nyu-proposals,meeting,full-nyu-proposals,frame_total,350,3480.7143479984784,3375.693532056175,4763.6676489259125
20260423_131906_meeting_full-nyu-proposals,meeting,full-nyu-proposals,graph_update,341,110.60541070713676,82.37548009492457,245.27615099214017
20260423_131906_meeting_full-nyu-proposals,meeting,full-nyu-proposals,groundingdino_predict,,,,
20260423_131906_meeting_full-nyu-proposals,meeting,full-nyu-proposals,instance_gng_update,1557,19.457448805056096,22.0644841901958,22.612460842356086
20260423_131906_meeting_full-nyu-proposals,meeting,full-nyu-proposals,place_gng_update,350,18.182977489195764,21.692704525776207,22.351046290714294
20260423_131906_meeting_full-nyu-proposals,meeting,full-nyu-proposals,pose_association,1614,2.040839431775085,1.2234841706231236,1.7659709206782273
20260423_131906_meeting_full-nyu-proposals,meeting,full-nyu-proposals,sam_predict,,,,
20260423_135111_meeting_full-nyu-proposals,meeting,full-nyu-proposals,frame_total,350,2378.769775774064,2794.977794517763,3329.609637474641
20260423_135111_meeting_full-nyu-proposals,meeting,full-nyu-proposals,graph_update,232,34.422920489932636,26.833533542230725,130.14081006404012
20260423_135111_meeting_full-nyu-proposals,meeting,full-nyu-proposals,groundingdino_predict,,,,
20260423_135111_meeting_full-nyu-proposals,meeting,full-nyu-proposals,instance_gng_update,407,14.501032596270964,21.862479858100414,22.657274222001433
20260423_135111_meeting_full-nyu-proposals,meeting,full-nyu-proposals,place_gng_update,350,17.955515451862343,21.7180869076401,22.51237912569195
20260423_135111_meeting_full-nyu-proposals,meeting,full-nyu-proposals,pose_association,427,2.353872521507796,1.3389319647103548,3.425171761773507
20260423_135111_meeting_full-nyu-proposals,meeting,full-nyu-proposals,sam_predict,,,,
20260423_144438_meeting_full-nyu-proposals,meeting,full-nyu-proposals,frame_total,350,2486.38553023804,2827.3125905543566,3648.0263760546222
20260423_144438_meeting_full-nyu-proposals,meeting,full-nyu-proposals,graph_update,232,34.518428052502586,26.678416528739035,128.5165590350516
20260423_144438_meeting_full-nyu-proposals,meeting,full-nyu-proposals,groundingdino_predict,,,,
20260423_144438_meeting_full-nyu-proposals,meeting,full-nyu-proposals,instance_gng_update,407,14.304256063819627,21.77803684026003,22.599758929573
20260423_144438_meeting_full-nyu-proposals,meeting,full-nyu-proposals,place_gng_update,350,17.909699917903968,21.63140010088682,22.394047386478633
20260423_144438_meeting_full-nyu-proposals,meeting,full-nyu-proposals,pose_association,427,2.520264539675704,1.435240963473916,8.4320204798132
20260423_144438_meeting_full-nyu-proposals,meeting,full-nyu-proposals,sam_predict,,,,
20260423_160713_meeting_full-nyu-proposals,meeting,full-nyu-proposals,frame_total,,,,
20260423_160713_meeting_full-nyu-proposals,meeting,full-nyu-proposals,graph_update,,,,
20260423_160713_meeting_full-nyu-proposals,meeting,full-nyu-proposals,groundingdino_predict,,,,
20260423_160713_meeting_full-nyu-proposals,meeting,full-nyu-proposals,instance_gng_update,,,,
20260423_160713_meeting_full-nyu-proposals,meeting,full-nyu-proposals,place_gng_update,,,,
20260423_160713_meeting_full-nyu-proposals,meeting,full-nyu-proposals,pose_association,,,,
20260423_160713_meeting_full-nyu-proposals,meeting,full-nyu-proposals,sam_predict,,,,
20260423_160908_meeting_full-nyu-proposals,meeting,full-nyu-proposals,frame_total,,,,
20260423_160908_meeting_full-nyu-proposals,meeting,full-nyu-proposals,graph_update,,,,
20260423_160908_meeting_full-nyu-proposals,meeting,full-nyu-proposals,groundingdino_predict,,,,
20260423_160908_meeting_full-nyu-proposals,meeting,full-nyu-proposals,instance_gng_update,,,,
20260423_160908_meeting_full-nyu-proposals,meeting,full-nyu-proposals,place_gng_update,,,,
20260423_160908_meeting_full-nyu-proposals,meeting,full-nyu-proposals,pose_association,,,,
20260423_160908_meeting_full-nyu-proposals,meeting,full-nyu-proposals,sam_predict,,,,
20260423_160919_meeting_full-nyu-proposals,meeting,full-nyu-proposals,frame_total,350,2399.937178064803,2795.1446410734206,3372.6607745396905
20260423_160919_meeting_full-nyu-proposals,meeting,full-nyu-proposals,graph_update,232,75.50546418522195,26.855902979150414,428.0693811480887
20260423_160919_meeting_full-nyu-proposals,meeting,full-nyu-proposals,groundingdino_predict,,,,
20260423_160919_meeting_full-nyu-proposals,meeting,full-nyu-proposals,instance_gng_update,427,14.45097890486221,22.003227844834328,22.746891039423645
20260423_160919_meeting_full-nyu-proposals,meeting,full-nyu-proposals,place_gng_update,350,18.041379850889957,21.70050807762891,22.502416756469756
20260423_160919_meeting_full-nyu-proposals,meeting,full-nyu-proposals,pose_association,427,23.86784092228711,1.3309521600604057,2.414364111609752
20260423_160919_meeting_full-nyu-proposals,meeting,full-nyu-proposals,sam_predict,,,,
20260423_211504_meeting_full-nyu-proposals,meeting,full-nyu-proposals,frame_total,,,,
20260423_211504_meeting_full-nyu-proposals,meeting,full-nyu-proposals,graph_update,,,,
20260423_211504_meeting_full-nyu-proposals,meeting,full-nyu-proposals,groundingdino_predict,,,,
20260423_211504_meeting_full-nyu-proposals,meeting,full-nyu-proposals,instance_gng_update,,,,
20260423_211504_meeting_full-nyu-proposals,meeting,full-nyu-proposals,place_gng_update,,,,
20260423_211504_meeting_full-nyu-proposals,meeting,full-nyu-proposals,pose_association,,,,
20260423_211504_meeting_full-nyu-proposals,meeting,full-nyu-proposals,sam_predict,,,,
20260423_211514_meeting_full-nyu-proposals,meeting,full-nyu-proposals,frame_total,350,2657.688396773301,2924.7901149792597,3588.7478390242904
20260423_211514_meeting_full-nyu-proposals,meeting,full-nyu-proposals,graph_update,275,74.7706025779586,55.7787730358541,180.29019993264228
20260423_211514_meeting_full-nyu-proposals,meeting,full-nyu-proposals,groundingdino_predict,,,,
20260423_211514_meeting_full-nyu-proposals,meeting,full-nyu-proposals,instance_gng_update,893,18.838038124938777,22.0712770242244,22.59565801359713
20260423_211514_meeting_full-nyu-proposals,meeting,full-nyu-proposals,place_gng_update,350,17.56524137420846,21.663657040335238,22.488618246279657
20260423_211514_meeting_full-nyu-proposals,meeting,full-nyu-proposals,pose_association,906,1.5349924864008957,1.2062995228916407,1.5573035925626755
20260423_211514_meeting_full-nyu-proposals,meeting,full-nyu-proposals,sam_predict,,,,
20260428_214757_meeting_full-nyu-proposals_box_threshold-0p30,meeting,full-nyu-proposals,frame_total,,,,
20260428_214757_meeting_full-nyu-proposals_box_threshold-0p30,meeting,full-nyu-proposals,graph_update,,,,
20260428_214757_meeting_full-nyu-proposals_box_threshold-0p30,meeting,full-nyu-proposals,groundingdino_predict,,,,
20260428_214757_meeting_full-nyu-proposals_box_threshold-0p30,meeting,full-nyu-proposals,instance_gng_update,,,,
20260428_214757_meeting_full-nyu-proposals_box_threshold-0p30,meeting,full-nyu-proposals,place_gng_update,,,,
20260428_214757_meeting_full-nyu-proposals_box_threshold-0p30,meeting,full-nyu-proposals,pose_association,,,,
20260428_214757_meeting_full-nyu-proposals_box_threshold-0p30,meeting,full-nyu-proposals,sam_predict,,,,
20260428_220952_meeting_full-nyu-proposals_box_threshold-0p35,meeting,full-nyu-proposals,frame_total,350,3559.448026736666,3528.605264145881,4475.952815613709
20260428_220952_meeting_full-nyu-proposals_box_threshold-0p35,meeting,full-nyu-proposals,graph_update,325,67.37361526403289,46.22384626418352,183.6805391125381
20260428_220952_meeting_full-nyu-proposals_box_threshold-0p35,meeting,full-nyu-proposals,groundingdino_predict,,,,
20260428_220952_meeting_full-nyu-proposals_box_threshold-0p35,meeting,full-nyu-proposals,instance_gng_update,878,18.645058347841466,22.128840442746878,22.732542688027024
20260428_220952_meeting_full-nyu-proposals_box_threshold-0p35,meeting,full-nyu-proposals,place_gng_update,350,17.845393951450074,21.697281626984477,22.442373423837125
20260428_220952_meeting_full-nyu-proposals_box_threshold-0p35,meeting,full-nyu-proposals,pose_association,969,3.1747667405319904,1.2212889268994331,17.226370144635435
20260428_220952_meeting_full-nyu-proposals_box_threshold-0p35,meeting,full-nyu-proposals,sam_predict,,,,
20260428_223136_meeting_full-nyu-proposals_box_threshold-0p40,meeting,full-nyu-proposals,frame_total,350,3566.748891644446,3532.1494375821203,4502.695074141957
20260428_223136_meeting_full-nyu-proposals_box_threshold-0p40,meeting,full-nyu-proposals,graph_update,325,66.61197006559142,49.20498933643103,184.27982851862907
20260428_223136_meeting_full-nyu-proposals_box_threshold-0p40,meeting,full-nyu-proposals,groundingdino_predict,,,,
20260428_223136_meeting_full-nyu-proposals_box_threshold-0p40,meeting,full-nyu-proposals,instance_gng_update,878,18.53508318261008,22.120432695373893,22.71269280463457
20260428_223136_meeting_full-nyu-proposals_box_threshold-0p40,meeting,full-nyu-proposals,place_gng_update,350,18.099679751321673,21.77966246381402,22.547356644645333
20260428_223136_meeting_full-nyu-proposals_box_threshold-0p40,meeting,full-nyu-proposals,pose_association,969,2.986300736185167,1.2418953701853752,17.5095371901989
20260428_223136_meeting_full-nyu-proposals_box_threshold-0p40,meeting,full-nyu-proposals,sam_predict,,,,
20260429_221347_meeting_full-nyu-proposals_box_threshold-0p25,meeting,full-nyu-proposals,frame_total,350,3550.86702549564,3500.752863008529,4462.86307470873
20260429_221347_meeting_full-nyu-proposals_box_threshold-0p25,meeting,full-nyu-proposals,graph_update,325,66.48459847586659,45.49580020830035,182.86303272470832
20260429_221347_meeting_full-nyu-proposals_box_threshold-0p25,meeting,full-nyu-proposals,groundingdino_predict,,,,
20260429_221347_meeting_full-nyu-proposals_box_threshold-0p25,meeting,full-nyu-proposals,instance_gng_update,878,18.6215609238867,22.12379756383598,22.68436560407281
20260429_221347_meeting_full-nyu-proposals_box_threshold-0p25,meeting,full-nyu-proposals,place_gng_update,350,17.793644296803645,21.664978237822652,22.330915555357933
20260429_221347_meeting_full-nyu-proposals_box_threshold-0p25,meeting,full-nyu-proposals,pose_association,969,2.9345587120844114,1.2226160615682602,17.148288153111935
20260429_221347_meeting_full-nyu-proposals_box_threshold-0p25,meeting,full-nyu-proposals,sam_predict,,,,
20260429_223527_meeting_full-nyu-proposals_box_threshold-0p30,meeting,full-nyu-proposals,frame_total,350,3564.392382185906,3513.928860425949,4460.366469062865
20260429_223527_meeting_full-nyu-proposals_box_threshold-0p30,meeting,full-nyu-proposals,graph_update,325,66.93298764956685,48.5324333421886,183.32931585609913
20260429_223527_meeting_full-nyu-proposals_box_threshold-0p30,meeting,full-nyu-proposals,groundingdino_predict,,,,
20260429_223527_meeting_full-nyu-proposals_box_threshold-0p30,meeting,full-nyu-proposals,instance_gng_update,878,18.700597102378318,22.16574246995151,22.75870251469314
20260429_223527_meeting_full-nyu-proposals_box_threshold-0p30,meeting,full-nyu-proposals,place_gng_update,350,17.49676326156727,21.712713642045856,22.443480254150927
20260429_223527_meeting_full-nyu-proposals_box_threshold-0p30,meeting,full-nyu-proposals,pose_association,969,3.000375349555161,1.2350999750196934,17.252851463854313
20260429_223527_meeting_full-nyu-proposals_box_threshold-0p30,meeting,full-nyu-proposals,sam_predict,,,,
20260429_225713_meeting_full-nyu-proposals_box_threshold-0p35,meeting,full-nyu-proposals,frame_total,350,3554.6650845690497,3514.600947499275,4471.26488739159
20260429_225713_meeting_full-nyu-proposals_box_threshold-0p35,meeting,full-nyu-proposals,graph_update,325,66.46522644190834,45.902842190116644,183.33365749567747
20260429_225713_meeting_full-nyu-proposals_box_threshold-0p35,meeting,full-nyu-proposals,groundingdino_predict,,,,
20260429_225713_meeting_full-nyu-proposals_box_threshold-0p35,meeting,full-nyu-proposals,instance_gng_update,878,18.57967846942026,22.141784895211458,22.734675463289022
20260429_225713_meeting_full-nyu-proposals_box_threshold-0p35,meeting,full-nyu-proposals,place_gng_update,350,18.333229922822543,21.743875229731202,22.475376166403294
20260429_225713_meeting_full-nyu-proposals_box_threshold-0p35,meeting,full-nyu-proposals,pose_association,969,2.9688716954498777,1.2254188768565655,17.162093799561262
20260429_225713_meeting_full-nyu-proposals_box_threshold-0p35,meeting,full-nyu-proposals,sam_predict,,,,
20260424_101950_meeting_full-nyu-proposals-dformerv2-prior,meeting,full-nyu-proposals-dformerv2-prior,frame_total,,,,
20260424_101950_meeting_full-nyu-proposals-dformerv2-prior,meeting,full-nyu-proposals-dformerv2-prior,graph_update,,,,
20260424_101950_meeting_full-nyu-proposals-dformerv2-prior,meeting,full-nyu-proposals-dformerv2-prior,groundingdino_predict,,,,
20260424_101950_meeting_full-nyu-proposals-dformerv2-prior,meeting,full-nyu-proposals-dformerv2-prior,instance_gng_update,,,,
20260424_101950_meeting_full-nyu-proposals-dformerv2-prior,meeting,full-nyu-proposals-dformerv2-prior,place_gng_update,,,,
20260424_101950_meeting_full-nyu-proposals-dformerv2-prior,meeting,full-nyu-proposals-dformerv2-prior,pose_association,,,,
20260424_101950_meeting_full-nyu-proposals-dformerv2-prior,meeting,full-nyu-proposals-dformerv2-prior,sam_predict,,,,
20260424_102706_meeting_full-nyu-proposals-dformerv2-prior,meeting,full-nyu-proposals-dformerv2-prior,frame_total,,,,
20260424_102706_meeting_full-nyu-proposals-dformerv2-prior,meeting,full-nyu-proposals-dformerv2-prior,graph_update,,,,
20260424_102706_meeting_full-nyu-proposals-dformerv2-prior,meeting,full-nyu-proposals-dformerv2-prior,groundingdino_predict,,,,
20260424_102706_meeting_full-nyu-proposals-dformerv2-prior,meeting,full-nyu-proposals-dformerv2-prior,instance_gng_update,,,,
20260424_102706_meeting_full-nyu-proposals-dformerv2-prior,meeting,full-nyu-proposals-dformerv2-prior,place_gng_update,,,,
20260424_102706_meeting_full-nyu-proposals-dformerv2-prior,meeting,full-nyu-proposals-dformerv2-prior,pose_association,,,,
20260424_102706_meeting_full-nyu-proposals-dformerv2-prior,meeting,full-nyu-proposals-dformerv2-prior,sam_predict,,,,
20260424_114620_meeting_full-nyu-proposals-dformerv2-prior,meeting,full-nyu-proposals-dformerv2-prior,frame_total,350,14275.205088096804,14824.558690888807,15714.096720982343
20260424_114620_meeting_full-nyu-proposals-dformerv2-prior,meeting,full-nyu-proposals-dformerv2-prior,graph_update,275,78.01862783052705,58.170398231595755,185.80164699815217
20260424_114620_meeting_full-nyu-proposals-dformerv2-prior,meeting,full-nyu-proposals-dformerv2-prior,groundingdino_predict,,,,
20260424_114620_meeting_full-nyu-proposals-dformerv2-prior,meeting,full-nyu-proposals-dformerv2-prior,instance_gng_update,892,19.074330321980867,22.41701865568757,23.162085958756506
20260424_114620_meeting_full-nyu-proposals-dformerv2-prior,meeting,full-nyu-proposals-dformerv2-prior,place_gng_update,350,17.162090397572943,21.637872559949756,22.815686580725014
20260424_114620_meeting_full-nyu-proposals-dformerv2-prior,meeting,full-nyu-proposals-dformerv2-prior,pose_association,905,1.811050230544575,1.5265988186001778,1.855386048555374
20260424_114620_meeting_full-nyu-proposals-dformerv2-prior,meeting,full-nyu-proposals-dformerv2-prior,sam_predict,,,,
20260424_102004_meeting_full-nyu-proposals-esanet-prior,meeting,full-nyu-proposals-esanet-prior,frame_total,,,,
20260424_102004_meeting_full-nyu-proposals-esanet-prior,meeting,full-nyu-proposals-esanet-prior,graph_update,,,,
20260424_102004_meeting_full-nyu-proposals-esanet-prior,meeting,full-nyu-proposals-esanet-prior,groundingdino_predict,,,,
20260424_102004_meeting_full-nyu-proposals-esanet-prior,meeting,full-nyu-proposals-esanet-prior,instance_gng_update,,,,
20260424_102004_meeting_full-nyu-proposals-esanet-prior,meeting,full-nyu-proposals-esanet-prior,place_gng_update,,,,
20260424_102004_meeting_full-nyu-proposals-esanet-prior,meeting,full-nyu-proposals-esanet-prior,pose_association,,,,
20260424_102004_meeting_full-nyu-proposals-esanet-prior,meeting,full-nyu-proposals-esanet-prior,sam_predict,,,,
20260424_102706_meeting_full-nyu-proposals-esanet-prior,meeting,full-nyu-proposals-esanet-prior,frame_total,,,,
20260424_102706_meeting_full-nyu-proposals-esanet-prior,meeting,full-nyu-proposals-esanet-prior,graph_update,,,,
20260424_102706_meeting_full-nyu-proposals-esanet-prior,meeting,full-nyu-proposals-esanet-prior,groundingdino_predict,,,,
20260424_102706_meeting_full-nyu-proposals-esanet-prior,meeting,full-nyu-proposals-esanet-prior,instance_gng_update,,,,
20260424_102706_meeting_full-nyu-proposals-esanet-prior,meeting,full-nyu-proposals-esanet-prior,place_gng_update,,,,
20260424_102706_meeting_full-nyu-proposals-esanet-prior,meeting,full-nyu-proposals-esanet-prior,pose_association,,,,
20260424_102706_meeting_full-nyu-proposals-esanet-prior,meeting,full-nyu-proposals-esanet-prior,sam_predict,,,,
20260424_131053_meeting_full-nyu-proposals-esanet-prior,meeting,full-nyu-proposals-esanet-prior,frame_total,350,14555.523492426479,14963.016633410007,16105.293695488945
20260424_131053_meeting_full-nyu-proposals-esanet-prior,meeting,full-nyu-proposals-esanet-prior,graph_update,275,78.05470929904418,59.101936873048544,187.52500186674297
20260424_131053_meeting_full-nyu-proposals-esanet-prior,meeting,full-nyu-proposals-esanet-prior,groundingdino_predict,,,,
20260424_131053_meeting_full-nyu-proposals-esanet-prior,meeting,full-nyu-proposals-esanet-prior,instance_gng_update,892,19.041960578173768,22.382704075425863,23.103628191165626
20260424_131053_meeting_full-nyu-proposals-esanet-prior,meeting,full-nyu-proposals-esanet-prior,place_gng_update,350,18.015704584707105,21.835124120116234,22.887135669589043
20260424_131053_meeting_full-nyu-proposals-esanet-prior,meeting,full-nyu-proposals-esanet-prior,pose_association,905,1.8226818917370633,1.528881024569273,1.8695375882089138
20260424_131053_meeting_full-nyu-proposals-esanet-prior,meeting,full-nyu-proposals-esanet-prior,sam_predict,,,,
20260506_125809_outdoor_livinglab_full,outdoor_livinglab,full,frame_total,,,,
20260506_125809_outdoor_livinglab_full,outdoor_livinglab,full,graph_update,,,,
20260506_125809_outdoor_livinglab_full,outdoor_livinglab,full,groundingdino_predict,,,,
20260506_125809_outdoor_livinglab_full,outdoor_livinglab,full,instance_gng_update,,,,
20260506_125809_outdoor_livinglab_full,outdoor_livinglab,full,place_gng_update,,,,
20260506_125809_outdoor_livinglab_full,outdoor_livinglab,full,pose_association,,,,
20260506_125809_outdoor_livinglab_full,outdoor_livinglab,full,sam_predict,,,,
20260506_125816_outdoor_livinglab_full,outdoor_livinglab,full,frame_total,68,1139.3353508251225,1802.95906891115,2020.1373302843422
20260506_125816_outdoor_livinglab_full,outdoor_livinglab,full,graph_update,35,10.797704636518445,7.551962044090033,30.762286949902766
20260506_125816_outdoor_livinglab_full,outdoor_livinglab,full,groundingdino_predict,68,163.71009741937195,155.89613746851683,159.39093073830009
20260506_125816_outdoor_livinglab_full,outdoor_livinglab,full,instance_gng_update,53,2.504237189467223,0.17319712787866592,22.56649313494563
20260506_125816_outdoor_livinglab_full,outdoor_livinglab,full,place_gng_update,68,17.425341086516923,21.493962965905666,22.0344468485564
20260506_125816_outdoor_livinglab_full,outdoor_livinglab,full,pose_association,54,2.1749171428382397,1.579546369612217,1.7611627932637928
20260506_125816_outdoor_livinglab_full,outdoor_livinglab,full,sam_predict,41,56.023024715392324,53.078151773661375,59.944954700767994
20260506_163212_outdoor_livinglab_full,outdoor_livinglab,full,frame_total,68,782.6689192614353,340.596237918362,1889.1715264879167
20260506_163212_outdoor_livinglab_full,outdoor_livinglab,full,graph_update,20,9.402504516765475,4.0697024669498205,35.99675074219704
20260506_163212_outdoor_livinglab_full,outdoor_livinglab,full,groundingdino_predict,68,141.60297673387345,132.24691525101662,137.87572083529085
20260506_163212_outdoor_livinglab_full,outdoor_livinglab,full,instance_gng_update,21,0.14005013785901524,0.13378169387578964,0.23407209664583206
20260506_163212_outdoor_livinglab_full,outdoor_livinglab,full,place_gng_update,68,15.436417745042812,11.563631007447839,21.9890606822446
20260506_163212_outdoor_livinglab_full,outdoor_livinglab,full,pose_association,24,5.637903523165733,1.574705122038722,34.48472113814205
20260506_163212_outdoor_livinglab_full,outdoor_livinglab,full,sam_predict,62,62.59740791433761,59.99422259628773,67.89515072014183
20260506_165909_outdoor_livinglab_full-nyu-proposals,outdoor_livinglab,full-nyu-proposals,frame_total,68,8285.360246013357,7860.137477982789,12729.033676628022
20260506_165909_outdoor_livinglab_full-nyu-proposals,outdoor_livinglab,full-nyu-proposals,graph_update,68,399.00291876127835,393.6362660024315,612.8643562784418
20260506_165909_outdoor_livinglab_full-nyu-proposals,outdoor_livinglab,full-nyu-proposals,groundingdino_predict,,,,
20260506_165909_outdoor_livinglab_full-nyu-proposals,outdoor_livinglab,full-nyu-proposals,instance_gng_update,1110,19.243655670937653,22.505452390760183,23.113885731436312
20260506_165909_outdoor_livinglab_full-nyu-proposals,outdoor_livinglab,full-nyu-proposals,place_gng_update,68,19.552168340476996,21.783018950372934,22.221638006158173
20260506_165909_outdoor_livinglab_full-nyu-proposals,outdoor_livinglab,full-nyu-proposals,pose_association,1148,2.438734499299542,1.404695911332965,1.9025659188628197
20260506_165909_outdoor_livinglab_full-nyu-proposals,outdoor_livinglab,full-nyu-proposals,sam_predict,,,,
20260506_180505_outdoor_livinglab_full-nyu-proposals,outdoor_livinglab,full-nyu-proposals,frame_total,68,8378.601140301565,7957.2398364543915,12948.868963704443
20260506_180505_outdoor_livinglab_full-nyu-proposals,outdoor_livinglab,full-nyu-proposals,graph_update,68,397.8267682661467,389.06167447566986,610.4329160181805
20260506_180505_outdoor_livinglab_full-nyu-proposals,outdoor_livinglab,full-nyu-proposals,groundingdino_predict,,,,
20260506_180505_outdoor_livinglab_full-nyu-proposals,outdoor_livinglab,full-nyu-proposals,instance_gng_update,1110,19.16640122748307,22.469640243798494,23.05602072738111
20260506_180505_outdoor_livinglab_full-nyu-proposals,outdoor_livinglab,full-nyu-proposals,place_gng_update,68,19.35563507654211,21.862445631995797,22.40244767162949
20260506_180505_outdoor_livinglab_full-nyu-proposals,outdoor_livinglab,full-nyu-proposals,pose_association,1148,2.4178004912863313,1.4357639010995626,1.8876446178182955
20260506_180505_outdoor_livinglab_full-nyu-proposals,outdoor_livinglab,full-nyu-proposals,sam_predict,,,,
20260506_190602_outdoor_livinglab_full-nyu-proposals,outdoor_livinglab,full-nyu-proposals,frame_total,68,8415.676565162892,8090.3161994647235,12951.25419748947
20260506_190602_outdoor_livinglab_full-nyu-proposals,outdoor_livinglab,full-nyu-proposals,graph_update,68,396.1632936672472,387.9746990278363,600.3794607706368
20260506_190602_outdoor_livinglab_full-nyu-proposals,outdoor_livinglab,full-nyu-proposals,groundingdino_predict,,,,
20260506_190602_outdoor_livinglab_full-nyu-proposals,outdoor_livinglab,full-nyu-proposals,instance_gng_update,1110,19.115281451560623,22.473886841908097,23.09099417179823
20260506_190602_outdoor_livinglab_full-nyu-proposals,outdoor_livinglab,full-nyu-proposals,place_gng_update,68,19.142194945529543,21.770743187516928,22.36681184731424
20260506_190602_outdoor_livinglab_full-nyu-proposals,outdoor_livinglab,full-nyu-proposals,pose_association,1148,2.4224523201792496,1.4119634870439768,1.914998446591197
20260506_190602_outdoor_livinglab_full-nyu-proposals,outdoor_livinglab,full-nyu-proposals,sam_predict,,,,
20260506_202020_outdoor_livinglab_full-nyu-proposals,outdoor_livinglab,full-nyu-proposals,frame_total,68,8295.610352412468,7850.038021337241,12880.118071427569
20260506_202020_outdoor_livinglab_full-nyu-proposals,outdoor_livinglab,full-nyu-proposals,graph_update,68,175.94938214375253,142.7079699933529,446.26286607235664
20260506_202020_outdoor_livinglab_full-nyu-proposals,outdoor_livinglab,full-nyu-proposals,groundingdino_predict,,,,
20260506_202020_outdoor_livinglab_full-nyu-proposals,outdoor_livinglab,full-nyu-proposals,instance_gng_update,469,15.67992001478034,22.096621803939342,22.868183441460133
20260506_202020_outdoor_livinglab_full-nyu-proposals,outdoor_livinglab,full-nyu-proposals,place_gng_update,68,16.862239353084828,21.654970245435834,22.136866627261043
20260506_202020_outdoor_livinglab_full-nyu-proposals,outdoor_livinglab,full-nyu-proposals,pose_association,1148,2.2969867256129297,1.3696372043341398,1.916276291012763
20260506_202020_outdoor_livinglab_full-nyu-proposals,outdoor_livinglab,full-nyu-proposals,sam_predict,,,,
20260506_163330_outdoor_livinglab_tuned_full,outdoor_livinglab_tuned,full,frame_total,68,1135.2656763663297,1789.8241025395691,1950.3240745514631
20260506_163330_outdoor_livinglab_tuned_full,outdoor_livinglab_tuned,full,graph_update,35,17.07859793677926,4.153849091380835,51.0519843082875
20260506_163330_outdoor_livinglab_tuned_full,outdoor_livinglab_tuned,full,groundingdino_predict,68,141.0184793502969,133.2565159536898,134.5260533504188
20260506_163330_outdoor_livinglab_tuned_full,outdoor_livinglab_tuned,full,instance_gng_update,35,3.8408910988696983,0.15117181465029716,21.70300059951842
20260506_163330_outdoor_livinglab_tuned_full,outdoor_livinglab_tuned,full,place_gng_update,68,15.88929711621912,11.82339247316122,21.942760818637908
20260506_163330_outdoor_livinglab_tuned_full,outdoor_livinglab_tuned,full,pose_association,44,8.428345317952335,1.6472344286739826,35.7952943071723
20260506_163330_outdoor_livinglab_tuned_full,outdoor_livinglab_tuned,full,sam_predict,68,64.34741156750961,65.74899237602949,69.33616418391466
20260506_170856_outdoor_livinglab_tuned_full-nyu-proposals,outdoor_livinglab_tuned,full-nyu-proposals,frame_total,68,8328.031222363386,7877.890442265198,12854.38647440169
20260506_170856_outdoor_livinglab_tuned_full-nyu-proposals,outdoor_livinglab_tuned,full-nyu-proposals,graph_update,68,399.12001974195897,395.5530470702797,601.2463060207665
20260506_170856_outdoor_livinglab_tuned_full-nyu-proposals,outdoor_livinglab_tuned,full-nyu-proposals,groundingdino_predict,,,,
20260506_170856_outdoor_livinglab_tuned_full-nyu-proposals,outdoor_livinglab_tuned,full-nyu-proposals,instance_gng_update,1110,19.315206154190875,22.466594586148858,23.04705325514078
20260506_170856_outdoor_livinglab_tuned_full-nyu-proposals,outdoor_livinglab_tuned,full-nyu-proposals,place_gng_update,68,18.415093880749364,21.76502696238458,22.30398179963231
20260506_170856_outdoor_livinglab_tuned_full-nyu-proposals,outdoor_livinglab_tuned,full-nyu-proposals,pose_association,1148,2.42014591036955,1.4118445105850697,1.874073641374706
20260506_170856_outdoor_livinglab_tuned_full-nyu-proposals,outdoor_livinglab_tuned,full-nyu-proposals,sam_predict,,,,
20260506_181457_outdoor_livinglab_tuned_full-nyu-proposals,outdoor_livinglab_tuned,full-nyu-proposals,frame_total,68,8315.24436787346,7811.316904146224,12875.883778184652
20260506_181457_outdoor_livinglab_tuned_full-nyu-proposals,outdoor_livinglab_tuned,full-nyu-proposals,graph_update,68,396.4402312960695,395.72911499999464,602.6220594765618
20260506_181457_outdoor_livinglab_tuned_full-nyu-proposals,outdoor_livinglab_tuned,full-nyu-proposals,groundingdino_predict,,,,
20260506_181457_outdoor_livinglab_tuned_full-nyu-proposals,outdoor_livinglab_tuned,full-nyu-proposals,instance_gng_update,1110,19.163488027815884,22.465845569968224,23.071410274133086
20260506_181457_outdoor_livinglab_tuned_full-nyu-proposals,outdoor_livinglab_tuned,full-nyu-proposals,place_gng_update,68,19.033152384080868,21.865080576390028,22.38883173558861
20260506_181457_outdoor_livinglab_tuned_full-nyu-proposals,outdoor_livinglab_tuned,full-nyu-proposals,pose_association,1148,2.3987340052913915,1.4111930504441261,1.8529420020058744
20260506_181457_outdoor_livinglab_tuned_full-nyu-proposals,outdoor_livinglab_tuned,full-nyu-proposals,sam_predict,,,,
20260506_191557_outdoor_livinglab_tuned_full-nyu-proposals,outdoor_livinglab_tuned,full-nyu-proposals,frame_total,68,8548.578432555694,8095.67831736058,13109.559594164602
20260506_191557_outdoor_livinglab_tuned_full-nyu-proposals,outdoor_livinglab_tuned,full-nyu-proposals,graph_update,68,396.9014063682955,390.0222508236766,592.1033773338422
20260506_191557_outdoor_livinglab_tuned_full-nyu-proposals,outdoor_livinglab_tuned,full-nyu-proposals,groundingdino_predict,,,,
20260506_191557_outdoor_livinglab_tuned_full-nyu-proposals,outdoor_livinglab_tuned,full-nyu-proposals,instance_gng_update,1110,19.15067484484868,22.444859379902482,23.035918921232224
20260506_191557_outdoor_livinglab_tuned_full-nyu-proposals,outdoor_livinglab_tuned,full-nyu-proposals,place_gng_update,68,18.83981342646567,21.808525314554572,22.321021487005055
20260506_191557_outdoor_livinglab_tuned_full-nyu-proposals,outdoor_livinglab_tuned,full-nyu-proposals,pose_association,1148,2.420763301789657,1.4157064724713564,1.930572581477463
20260506_191557_outdoor_livinglab_tuned_full-nyu-proposals,outdoor_livinglab_tuned,full-nyu-proposals,sam_predict,,,,
20260506_203016_outdoor_livinglab_tuned_full-nyu-proposals,outdoor_livinglab_tuned,full-nyu-proposals,frame_total,68,8298.87319665046,7841.971787856892,12773.307896358892
20260506_203016_outdoor_livinglab_tuned_full-nyu-proposals,outdoor_livinglab_tuned,full-nyu-proposals,graph_update,68,175.3626832711127,146.35084150359035,439.8685771040618
20260506_203016_outdoor_livinglab_tuned_full-nyu-proposals,outdoor_livinglab_tuned,full-nyu-proposals,groundingdino_predict,,,,
20260506_203016_outdoor_livinglab_tuned_full-nyu-proposals,outdoor_livinglab_tuned,full-nyu-proposals,instance_gng_update,469,15.47354765669274,22.101392038166523,22.805513069033623
20260506_203016_outdoor_livinglab_tuned_full-nyu-proposals,outdoor_livinglab_tuned,full-nyu-proposals,place_gng_update,68,17.166576224981863,21.685248473659158,22.258903924375772
20260506_203016_outdoor_livinglab_tuned_full-nyu-proposals,outdoor_livinglab_tuned,full-nyu-proposals,pose_association,1148,2.389255485607746,1.3695769011974335,1.8492936855182045
20260506_203016_outdoor_livinglab_tuned_full-nyu-proposals,outdoor_livinglab_tuned,full-nyu-proposals,sam_predict,,,,
